ts,o,h,l,c,v
1782090000,78.633,78.853,78.103,78.403,1220.0
1782091800,78.403,78.423,77.993,78.243,491.0
1782093600,78.243,78.523,78.223,78.503,433.0
1782095400,78.503,78.623,78.383,78.453,370.0
1782097200,78.453,78.593,77.913,78.023,594.0
1782099000,78.023,78.463,77.703,77.783,707.0
1782100800,77.783,77.793,76.433,76.503,1973.0
1782102600,76.523,76.593,76.263,76.533,993.0
1782104400,76.533,76.553,76.183,76.253,606.0
1782106200,76.253,76.253,75.793,76.103,757.0
1782108000,76.103,76.553,76.073,76.543,626.0
1782109800,76.543,76.623,76.333,76.423,397.0
1782111600,76.413,76.483,76.263,76.373,270.0
1782113400,76.373,76.373,76.183,76.183,284.0
1782115200,76.183,76.183,75.853,75.853,389.0
1782117000,75.853,76.183,75.803,76.073,803.0
1782118800,76.083,76.143,75.693,75.913,783.0
1782120600,75.913,76.253,75.873,76.103,827.0
1782122400,76.133,76.323,75.983,76.213,830.0
1782124200,76.213,76.773,76.153,76.413,1035.0
1782126000,76.413,76.963,76.143,76.183,1781.0
1782127800,76.183,76.453,75.873,76.003,1093.0
1782129600,75.993,76.243,75.873,76.073,898.0
1782131400,76.073,76.253,75.893,76.123,836.0
1782133200,76.123,76.203,75.963,76.143,722.0
1782135000,76.153,76.243,76.033,76.103,603.0
1782136800,76.103,76.243,75.413,76.193,1302.0
1782138600,76.193,76.233,75.693,75.783,841.0
1782140400,75.783,75.863,75.293,75.383,961.0
1782142200,75.383,75.593,75.213,75.303,1014.0
1782144000,75.303,75.823,74.923,75.013,1768.0
1782145800,75.003,75.073,74.293,74.543,1962.0
1782147600,74.543,74.743,74.293,74.643,1441.0
1782149400,74.633,75.093,74.623,74.793,1327.0
1782151200,74.803,74.813,74.053,74.403,1667.0
1782153000,74.403,74.523,74.023,74.183,1227.0
1782154800,74.183,74.483,74.143,74.433,738.0
1782156600,74.433,74.603,74.333,74.343,775.0
1782158400,74.343,74.493,74.223,74.303,680.0
1782160200,74.303,74.533,74.073,74.103,773.0
1782162000,74.103,74.703,74.103,74.683,1274.0
1782163800,74.673,74.833,74.453,74.783,534.0
1782165600,74.783,75.003,74.773,74.983,359.0
1782167400,74.983,75.133,74.953,75.053,312.0
1782169200,75.053,75.073,74.763,74.793,294.0
1782171000,74.793,74.873,74.753,74.853,229.0
1782176400,74.853,74.986,74.776,74.976,188.0
1782178200,74.976,75.176,74.966,75.066,132.0
1782180000,75.066,75.066,74.856,74.896,132.0
1782181800,74.906,74.956,74.856,74.916,82.0
1782183600,74.906,74.996,74.806,74.876,281.0
1782185400,74.876,74.976,74.766,74.966,305.0
1782187200,74.956,75.006,74.536,74.926,823.0
1782189000,74.926,75.006,74.656,74.676,498.0
1782190800,74.676,74.836,74.526,74.806,335.0
1782192600,74.806,75.056,74.666,74.666,606.0
1782194400,74.666,74.666,74.346,74.366,725.0
1782196200,74.366,74.506,74.326,74.376,238.0
1782198000,74.376,74.496,74.346,74.376,206.0
1782199800,74.376,74.526,74.326,74.486,334.0
1782201600,74.486,74.536,74.316,74.326,225.0
1782203400,74.326,74.346,73.766,73.836,826.0
1782205200,73.836,73.936,73.606,73.616,890.0
1782207000,73.616,73.896,73.306,73.676,944.0
1782208800,73.676,73.716,73.246,73.276,820.0
1782210600,73.306,73.956,73.256,73.906,998.0
1782212400,73.906,74.446,73.906,74.386,1436.0
1782214200,74.366,74.606,74.156,74.196,945.0
1782216000,74.196,74.406,73.966,73.966,792.0
1782217800,73.966,74.346,73.926,74.266,666.0
1782219600,74.256,74.496,74.116,74.466,660.0
1782221400,74.466,74.706,74.346,74.636,769.0
1782223200,74.646,74.736,74.356,74.546,813.0
1782225000,74.556,74.816,74.396,74.596,840.0
1782226800,74.596,74.646,73.966,74.046,873.0
1782228600,74.036,74.386,73.966,74.356,811.0
1782230400,74.376,74.476,73.746,73.836,1241.0
1782232200,73.826,74.036,73.636,73.726,1334.0
1782234000,73.726,73.756,73.276,73.356,1122.0
1782235800,73.356,74.136,73.356,73.916,1712.0
1782237600,73.946,74.236,73.766,73.866,1287.0
1782239400,73.856,73.966,73.476,73.746,1096.0
1782241200,73.746,73.996,73.746,73.836,681.0
1782243000,73.836,73.846,73.576,73.716,595.0
1782244800,73.726,74.046,73.726,73.996,713.0
1782246600,74.006,74.066,73.746,73.786,787.0
1782248400,73.796,74.176,73.796,74.026,1105.0
1782250200,74.046,74.146,73.926,74.106,440.0
1782252000,74.106,74.166,73.976,74.116,302.0
1782253800,74.116,74.166,74.026,74.066,271.0
1782255600,74.066,74.256,74.036,74.056,188.0
1782257400,74.056,74.086,73.776,73.816,269.0
1782262800,73.818,73.908,73.768,73.848,153.0
1782264600,73.848,73.858,73.608,73.658,132.0
1782266400,73.658,73.688,73.568,73.588,125.0
1782268200,73.588,73.618,73.368,73.408,181.0
1782270000,73.408,73.678,73.378,73.608,440.0
1782271800,73.608,73.608,73.468,73.548,296.0
1782273600,73.538,73.738,73.068,73.718,971.0
1782275400,73.728,73.778,73.308,73.388,643.0
1782277200,73.398,73.628,73.378,73.478,363.0
1782279000,73.478,73.478,72.878,72.908,772.0
1782280800,72.908,73.158,72.808,73.098,550.0
1782282600,73.098,73.198,73.048,73.148,200.0
1782284400,73.148,73.488,73.148,73.398,243.0
1782286200,73.398,73.428,73.318,73.388,146.0
1782288000,73.388,73.498,73.308,73.378,226.0
1782289800,73.378,73.458,73.158,73.208,594.0
1782291600,73.208,73.888,73.208,73.378,1071.0
1782293400,73.378,73.388,73.178,73.318,826.0
1782295200,73.338,73.348,72.818,72.928,907.0
1782297000,72.928,73.068,72.648,72.678,866.0
1782298800,72.678,72.788,72.488,72.488,1434.0
1782300600,72.478,72.838,72.418,72.768,983.0
1782302400,72.768,72.808,72.268,72.428,974.0
1782304200,72.418,72.868,72.408,72.708,959.0
1782306000,72.708,72.998,72.598,72.728,862.0
1782307800,72.728,72.878,72.448,72.538,698.0
1782309600,72.538,72.618,72.118,72.178,701.0
1782311400,72.178,72.448,71.648,71.668,1304.0
1782313200,71.668,71.888,71.568,71.818,1162.0
1782315000,71.808,71.918,71.658,71.748,897.0
1782316800,71.748,71.778,70.748,70.778,1855.0
1782318600,70.788,70.998,70.408,70.488,1891.0
1782320400,70.478,71.098,70.368,70.878,1538.0
1782322200,70.878,70.948,70.448,70.588,1490.0
1782324000,70.588,70.778,70.408,70.728,1446.0
1782325800,70.738,71.308,70.638,71.208,1287.0
1782327600,71.208,71.428,71.008,71.358,851.0
1782329400,71.358,71.658,71.178,71.248,800.0
1782331200,71.258,71.378,70.858,70.938,799.0
1782333000,70.938,71.238,70.768,71.198,823.0
1782334800,71.218,71.238,70.858,71.138,1094.0
1782336600,71.138,71.158,70.648,70.678,608.0
1782338400,70.678,70.808,70.618,70.808,382.0
1782340200,70.808,70.848,70.688,70.758,344.0
1782342000,70.748,70.758,70.498,70.578,305.0
1782343800,70.588,70.618,70.508,70.578,232.0
1782349200,70.661,70.711,70.401,70.531,191.0
1782351000,70.531,70.601,70.491,70.571,101.0
1782352800,70.571,70.651,70.551,70.651,83.0
1782354600,70.651,70.711,70.581,70.701,117.0
1782356400,70.701,70.851,70.641,70.801,273.0
1782358200,70.801,70.911,70.641,70.681,241.0
1782360000,70.681,70.761,70.071,70.111,1219.0
1782361800,70.111,70.131,69.811,70.041,910.0
1782363600,70.041,70.081,69.761,69.861,589.0
1782365400,69.861,70.191,69.821,70.071,659.0
1782367200,70.071,70.121,69.751,69.861,633.0
1782369000,69.861,70.031,69.841,70.011,272.0
1782370800,70.011,70.121,69.961,70.051,230.0
1782372600,70.051,70.251,70.031,70.181,197.0
1782374400,70.181,70.201,70.051,70.191,200.0
1782376200,70.191,70.301,69.911,70.051,629.0
1782378000,70.051,70.451,69.931,70.441,832.0
1782379800,70.431,70.511,70.101,70.271,860.0
1782381600,70.291,70.701,70.111,70.401,788.0
1782383400,70.401,70.751,70.281,70.651,803.0
1782385200,70.641,70.741,70.121,70.201,1383.0
1782387000,70.191,70.391,69.741,69.911,1267.0
1782388800,69.911,70.351,69.601,70.081,1184.0
1782390600,70.081,70.291,70.041,70.271,841.0
1782392400,70.271,70.341,70.121,70.221,662.0
1782394200,70.221,70.341,70.061,70.111,549.0
1782396000,70.111,70.391,69.961,70.391,623.0
1782397800,70.391,70.641,70.351,70.491,645.0
1782399600,70.501,70.631,70.291,70.601,739.0
1782401400,70.601,70.641,70.021,70.241,1101.0
1782403200,70.221,70.881,70.151,70.571,1495.0
1782405000,70.571,71.161,70.451,71.141,1459.0
1782406800,71.131,71.681,71.051,71.641,1442.0
1782408600,71.631,71.651,71.251,71.511,1354.0
1782410400,71.511,72.451,71.461,72.041,1869.0
1782412200,72.061,72.201,71.911,72.131,1196.0
1782414000,72.131,72.381,72.131,72.301,924.0
1782415800,72.301,72.371,72.111,72.241,712.0
1782417600,72.241,72.481,72.001,72.211,849.0
1782419400,72.211,72.481,72.121,72.471,812.0
1782421200,72.481,72.711,72.431,72.661,1241.0
1782423000,72.671,72.921,72.651,72.821,912.0
1782424800,72.821,73.191,72.811,72.991,553.0
1782426600,72.991,73.001,72.601,72.731,521.0
1782428400,72.731,72.871,72.481,72.481,276.0
1782430200,72.481,72.511,72.071,72.151,444.0
1782435600,72.104,72.274,71.944,72.024,230.0
1782437400,72.024,72.184,72.004,72.174,93.0
1782439200,72.174,72.194,72.104,72.174,136.0
1782441000,72.174,72.224,72.124,72.184,100.0
1782442800,72.184,72.454,72.104,72.354,384.0
1782444600,72.354,72.474,72.224,72.464,194.0
1782446400,72.464,72.504,72.124,72.234,1014.0
1782448200,72.234,72.244,71.894,71.904,601.0
1782450000,71.904,71.964,71.814,71.854,405.0
1782451800,71.854,71.854,71.464,71.484,572.0
1782453600,71.484,71.494,71.194,71.344,600.0
1782455400,71.344,71.404,71.154,71.244,252.0
1782457200,71.244,71.314,71.094,71.144,294.0
1782459000,71.144,71.204,71.064,71.074,236.0
1782460800,71.074,71.174,71.014,71.144,299.0
1782462600,71.144,71.604,71.054,71.544,731.0
1782464400,71.554,71.574,71.304,71.344,607.0
1782466200,71.344,71.344,71.014,71.154,743.0
1782468000,71.144,71.204,70.874,70.874,761.0
1782469800,70.874,71.074,70.494,70.544,704.0
1782471600,70.534,70.834,69.704,69.784,1573.0
1782473400,69.794,70.154,69.654,69.964,1240.0
1782475200,69.954,70.184,69.884,70.014,845.0
1782477000,70.004,70.134,69.684,69.744,878.0
1782478800,69.744,70.084,69.634,69.964,823.0
1782480600,69.964,70.244,69.764,70.184,762.0
1782482400,70.174,70.464,70.174,70.394,850.0
1782484200,70.394,71.004,70.364,70.754,906.0
1782486000,70.744,70.784,70.294,70.354,930.0
1782487800,70.354,70.394,70.034,70.044,956.0
1782489600,70.034,71.194,70.014,70.414,2296.0
1782491400,70.424,70.614,69.884,70.064,1739.0
1782493200,70.074,70.184,69.594,69.844,1475.0
1782495000,69.834,69.934,69.504,69.884,1561.0
1782496800,69.884,69.914,69.224,69.414,1645.0
1782498600,69.424,70.174,69.324,69.754,1607.0
1782500400,69.754,69.884,69.604,69.674,1175.0
1782502200,69.674,70.024,69.544,69.974,879.0
1782504000,69.974,69.984,69.704,69.974,681.0
1782505800,69.984,70.184,69.894,69.934,794.0
1782507600,69.934,70.044,69.774,69.914,969.0
1782509400,69.914,69.914,69.734,69.794,423.0
1782511200,69.794,69.904,69.714,69.864,274.0
1782513000,69.864,70.274,69.864,70.184,417.0
1782514800,70.174,70.214,70.034,70.214,352.0
1782516600,70.214,70.954,70.214,70.954,1131.0
1782694800,71.312,71.312,70.382,70.932,1069.0
1782696600,70.932,70.962,70.602,70.622,279.0
1782698400,70.632,70.672,70.422,70.442,232.0
1782700200,70.442,70.512,70.242,70.342,229.0
1782702000,70.352,70.382,69.912,70.362,527.0
1782703800,70.362,70.632,70.332,70.432,399.0
1782705600,70.432,70.852,70.332,70.702,1171.0
1782707400,70.702,70.782,70.542,70.582,644.0
1782709200,70.582,70.692,70.532,70.612,409.0
1782711000,70.612,70.672,70.362,70.532,567.0
1782712800,70.532,70.672,70.482,70.592,453.0
1782714600,70.592,70.682,70.502,70.632,202.0
1782716400,70.632,70.702,70.592,70.612,176.0
1782718200,70.612,70.632,70.532,70.532,165.0
1782720000,70.532,70.552,70.262,70.342,304.0
1782721800,70.342,70.362,70.022,70.072,793.0
1782723600,70.072,70.662,70.042,70.652,775.0
1782725400,70.652,70.872,70.442,70.532,760.0
1782727200,70.539,70.582,70.352,70.532,682.0
1782729000,70.532,70.592,70.062,70.112,685.0
1782730800,70.102,70.802,70.082,70.742,1182.0
1782732600,70.732,70.862,70.502,70.712,948.0
1782734400,70.712,70.942,70.492,70.912,856.0
1782736200,70.912,71.302,70.882,71.182,878.0
1782738000,71.182,71.192,70.452,70.572,782.0
1782739800,70.572,70.682,70.382,70.432,688.0
1782741600,70.442,70.612,70.272,70.592,624.0
1782743400,70.592,70.662,70.202,70.552,827.0
1782745200,70.582,70.722,70.292,70.712,827.0
1782747000,70.712,70.752,70.422,70.622,783.0
1782748800,70.632,70.872,70.472,70.842,1399.0
1782750600,70.842,70.882,70.562,70.662,1144.0
1782752400,70.662,71.052,70.562,71.012,1436.0
1782754200,71.012,71.172,70.872,71.062,970.0
1782756000,71.062,71.122,70.852,71.052,1067.0
1782757800,71.072,71.282,70.992,71.182,819.0
1782759600,71.182,71.422,71.142,71.402,572.0
1782761400,71.402,71.622,71.362,71.392,596.0
1782763200,71.392,71.722,71.262,71.482,679.0
1782765000,71.482,71.572,71.412,71.492,685.0
1782766800,71.502,71.582,71.062,71.402,962.0
1782768600,71.402,71.432,71.032,71.052,468.0
1782770400,71.052,71.132,70.992,71.002,231.0
1782772200,71.002,71.132,70.952,71.112,239.0
1782774000,71.112,71.162,71.052,71.062,133.0
1782775800,71.062,71.182,71.012,71.022,167.0
1782781200,71.025,71.025,70.795,70.925,149.0
1782783000,70.925,70.935,70.815,70.825,83.0
1782784800,70.825,70.875,70.745,70.855,115.0
1782786600,70.855,70.855,70.695,70.695,132.0
1782788400,70.695,70.955,70.695,70.905,296.0
1782790200,70.905,70.905,70.755,70.855,250.0
1782792000,70.855,70.975,70.675,70.755,778.0
1782793800,70.755,70.955,70.695,70.885,604.0
1782795600,70.895,71.035,70.835,70.995,342.0
1782797400,70.995,71.415,70.905,71.235,596.0
1782799200,71.235,71.285,71.015,71.035,466.0
1782801000,71.035,71.155,70.865,70.935,258.0
1782802800,70.935,71.035,70.835,70.835,178.0
1782804600,70.835,70.875,70.765,70.775,158.0
1782806400,70.775,70.785,70.485,70.775,345.0
1782808200,70.775,70.925,70.635,70.665,593.0
1782810000,70.665,70.695,70.365,70.385,761.0
1782811800,70.385,70.765,70.315,70.695,711.0
1782813600,70.665,70.985,70.655,70.895,671.0
1782815400,70.895,70.985,70.715,70.825,712.0
1782817200,70.825,71.325,70.705,71.065,1243.0
1782819000,71.055,71.435,70.945,71.095,1207.0
1782820800,71.095,71.335,71.025,71.265,1080.0
1782822600,71.255,71.605,71.235,71.585,875.0
1782824400,71.585,71.725,71.225,71.255,726.0
1782826200,71.265,71.465,71.105,71.245,693.0
1782828000,71.255,71.365,71.105,71.315,830.0
1782829800,71.315,71.755,71.275,71.715,753.0
1782831600,71.735,72.105,71.595,71.785,972.0
1782833400,71.785,71.785,71.385,71.535,856.0
1782835200,71.515,72.125,71.405,71.785,1795.0
1782837000,71.755,71.755,71.265,71.455,1323.0
1782838800,71.455,71.525,71.115,71.375,1189.0
1782840600,71.375,71.445,70.905,70.985,1320.0
1782842400,70.985,70.995,70.575,70.625,1376.0
1782844200,70.602,70.745,70.285,70.325,1021.0
1782846000,70.335,70.725,70.315,70.545,745.0
1782847800,70.545,70.545,70.315,70.355,567.0
1782849600,70.355,70.455,70.125,70.225,629.0
1782851400,70.225,70.325,70.125,70.235,565.0
1782853200,70.245,70.295,69.795,70.075,965.0
1782855000,70.075,70.585,70.065,70.535,537.0
1782856800,70.545,70.635,70.465,70.585,313.0
1782858600,70.585,70.705,70.585,70.645,310.0
1782860400,70.645,70.725,70.585,70.625,251.0
1782862200,70.625,70.665,70.545,70.625,201.0
1782867600,70.568,70.678,70.428,70.468,143.0
1782869400,70.468,70.528,70.448,70.518,59.0
1782871200,70.518,70.598,70.458,70.558,77.0
1782873000,70.558,70.648,70.488,70.648,109.0
1782874800,70.648,70.718,70.508,70.528,278.0
1782876600,70.528,70.648,70.528,70.648,203.0
1782878400,70.648,70.668,70.368,70.468,724.0
1782880200,70.468,70.508,70.198,70.308,539.0
1782882000,70.308,70.378,70.208,70.298,330.0
1782883800,70.298,70.418,70.258,70.328,428.0
1782885600,70.328,70.398,70.298,70.298,335.0
1782887400,70.298,70.408,70.288,70.338,132.0
1782889200,70.338,70.378,70.268,70.298,115.0
1782891000,70.298,70.298,70.208,70.258,165.0
1782892800,70.258,70.398,70.238,70.298,160.0
1782894600,70.298,70.318,70.108,70.128,440.0
1782896400,70.128,70.228,69.988,70.058,521.0
1782898200,70.058,70.168,69.968,70.118,642.0
1782900000,70.128,70.248,69.858,69.918,628.0
1782901800,69.918,70.058,69.708,69.888,578.0
1782903600,69.888,69.968,69.448,69.478,992.0
1782905400,69.468,69.538,68.828,68.878,1183.0
1782907200,68.878,69.088,68.778,68.998,969.0
1782909000,68.988,69.318,68.978,69.318,822.0
1782910800,69.318,69.548,69.218,69.288,783.0
1782912600,69.288,69.478,69.138,69.378,661.0
1782914400,69.378,69.578,69.248,69.518,689.0
1782916200,69.508,69.698,69.408,69.668,649.0
1782918000,69.668,69.708,69.318,69.418,836.0
1782919800,69.418,69.448,69.188,69.288,861.0
1782921600,69.308,69.778,69.308,69.408,1367.0
1782923400,69.418,69.688,69.288,69.608,1225.0
1782925200,69.608,69.648,69.258,69.328,1145.0
1782927000,69.328,69.408,68.708,68.718,1501.0
1782928800,68.738,69.088,68.638,68.648,1412.0
1782930600,68.648,68.918,68.608,68.688,1063.0
1782932400,68.688,68.818,68.568,68.738,749.0
1782934200,68.738,68.988,68.648,68.808,686.0
1782936000,68.808,68.938,68.678,68.928,540.0
1782937800,68.928,68.948,68.668,68.828,528.0
1782939600,68.828,69.258,68.798,69.218,758.0
1782941400,69.238,69.248,68.818,68.828,432.0
1782943200,68.828,68.878,68.728,68.798,317.0
1782945000,68.798,68.798,68.458,68.558,392.0
1782946800,68.558,68.678,68.488,68.658,230.0
1782948600,68.658,68.668,68.578,68.608,155.0
1782954000,68.551,68.661,68.461,68.471,137.0
1782955800,68.471,68.571,68.471,68.521,81.0
1782957600,68.521,68.541,68.461,68.541,66.0
1782959400,68.541,68.561,68.471,68.491,75.0
1782961200,68.501,68.631,68.251,68.371,349.0
1782963000,68.371,68.431,68.231,68.401,239.0
1782964800,68.401,68.431,68.111,68.121,829.0
1782966600,68.121,68.351,68.101,68.311,392.0
1782968400,68.311,68.481,68.151,68.341,304.0
1782970200,68.341,68.401,68.171,68.211,349.0
1782972000,68.211,68.271,68.071,68.141,340.0
1782973800,68.141,68.281,68.131,68.231,331.0
1782975600,68.231,68.341,68.221,68.331,112.0
1782977400,68.331,68.421,68.311,68.401,121.0
1782979200,68.401,68.421,68.331,68.371,115.0
1782981000,68.371,68.411,68.221,68.381,469.0
1782982800,68.381,68.491,68.181,68.481,638.0
1782984600,68.481,68.491,68.021,68.061,647.0
1782986400,68.051,68.561,67.951,68.461,736.0
1782988200,68.461,68.741,68.391,68.431,731.0
1782990000,68.421,68.741,68.381,68.671,1101.0
1782991800,68.651,68.741,68.291,68.351,839.0
1782993600,68.381,68.391,67.991,67.991,726.0
1782995400,67.981,68.161,67.821,68.011,660.0
1782997200,68.011,68.201,67.961,68.141,568.0
1782999000,68.141,68.191,67.931,67.951,465.0
1783000800,67.951,68.121,67.751,67.801,636.0
1783002600,67.801,67.821,67.551,67.691,616.0
1783004400,67.691,67.831,67.611,67.831,577.0
1783006200,67.831,68.171,67.761,68.071,1021.0
1783008000,68.071,68.241,67.981,68.221,1130.0
1783009800,68.221,68.591,68.141,68.271,1151.0
1783011600,68.261,68.341,68.031,68.121,1056.0
1783013400,68.121,68.341,68.081,68.241,981.0
1783015200,68.241,68.391,67.971,68.211,1241.0
1783017000,68.201,68.241,67.941,68.231,808.0
1783018800,68.241,68.711,68.181,68.621,1007.0
1783020600,68.621,68.781,68.501,68.631,542.0
1783022400,68.631,68.851,68.591,68.831,505.0
1783024200,68.831,69.021,68.801,68.981,675.0
1783026000,68.971,69.311,68.851,69.181,938.0
1783027800,69.171,69.221,68.951,68.961,362.0
1783029600,68.951,69.041,68.921,68.961,240.0
1783031400,68.961,69.051,68.931,68.981,161.0
1783033200,68.981,69.031,68.941,68.981,121.0
1783035000,68.981,69.011,68.941,68.951,101.0
1783040400,68.883,69.013,68.853,68.963,117.0
1783042200,68.963,69.003,68.943,68.963,63.0
1783044000,68.963,68.963,68.873,68.943,60.0
1783045800,68.943,68.963,68.863,68.863,57.0
1783047600,68.863,68.913,68.813,68.873,200.0
1783049400,68.873,69.003,68.833,68.913,200.0
1783051200,68.913,69.073,68.793,69.013,880.0
1783053000,69.013,69.393,69.003,69.373,733.0
1783054800,69.373,69.483,69.353,69.423,376.0
1783056600,69.423,69.613,69.303,69.373,657.0
1783058400,69.373,69.643,69.363,69.563,459.0
1783060200,69.563,69.573,69.453,69.493,213.0
1783062000,69.493,69.523,69.443,69.493,115.0
1783063800,69.493,69.573,69.443,69.453,156.0
1783065600,69.453,69.563,69.453,69.473,188.0
1783067400,69.473,69.713,69.473,69.673,436.0
1783069200,69.673,69.733,69.383,69.413,487.0
1783071000,69.413,69.583,69.373,69.423,523.0
1783072800,69.413,69.473,69.023,69.043,653.0
1783074600,69.043,69.183,68.893,68.993,587.0
1783076400,68.993,69.213,68.623,68.753,948.0
1783078200,68.753,69.263,68.643,69.253,968.0
1783080000,69.243,69.323,68.963,69.203,820.0
1783081800,69.203,69.243,69.013,69.143,585.0
1783083600,69.143,69.213,68.983,69.043,624.0
1783085400,69.043,69.163,68.893,69.083,475.0
1783087200,69.083,69.193,68.893,68.973,525.0
1783089000,68.973,68.993,68.833,68.873,501.0
1783090800,68.873,68.893,68.643,68.773,570.0
1783092600,68.773,68.783,68.563,68.733,462.0
1783094400,68.733,69.153,68.703,69.113,1041.0
1783096200,69.113,69.243,69.023,69.233,716.0
1783098000,69.233,69.413,69.053,69.133,776.0
1783099800,69.133,69.303,69.053,69.103,692.0
1783101600,69.103,69.143,68.843,69.023,911.0
1783103400,69.013,69.263,68.923,69.233,675.0
1783105200,69.233,69.283,69.093,69.173,418.0
1783107000,69.173,69.283,69.073,69.243,547.0
1783108800,69.243,69.243,69.183,69.183,2.0
1783299600,68.982,69.042,68.722,68.782,362.0
1783301400,68.782,68.812,68.702,68.712,120.0
1783303200,68.712,68.832,68.672,68.682,136.0
1783305000,68.682,68.722,68.622,68.642,138.0
1783306800,68.642,69.012,68.612,68.732,303.0
1783308600,68.732,68.792,68.632,68.632,221.0
1783310400,68.632,69.112,68.562,68.982,806.0
1783312200,68.982,69.292,68.802,69.262,638.0
1783314000,69.282,69.552,69.232,69.482,393.0
1783315800,69.482,69.502,68.922,68.972,642.0
1783317600,68.982,68.982,68.772,68.902,525.0
1783319400,68.902,68.952,68.762,68.822,209.0
1783321200,68.822,69.022,68.802,68.992,186.0
1783323000,68.992,69.062,68.942,68.992,179.0
1783324800,68.992,69.152,68.982,69.112,223.0
1783326600,69.112,69.282,69.072,69.252,397.0
1783328400,69.272,69.602,69.232,69.312,596.0
1783330200,69.312,69.352,69.102,69.152,467.0
1783332000,69.142,69.162,68.802,68.922,733.0
1783333800,68.922,68.922,68.222,68.332,870.0
1783335600,68.322,68.682,68.292,68.482,1112.0
1783337400,68.482,68.962,68.442,68.592,870.0
1783339200,68.592,68.952,68.592,68.702,664.0
1783341000,68.702,68.922,68.502,68.712,667.0
1783342800,68.722,68.832,68.502,68.692,632.0
1783344600,68.692,69.072,68.492,68.992,693.0
1783346400,68.982,69.142,68.932,68.982,600.0
1783348200,68.982,69.052,68.712,69.042,460.0
1783350000,69.042,69.142,68.542,68.592,847.0
1783351800,68.592,68.772,68.582,68.682,679.0
1783353600,68.682,69.252,68.472,69.242,1215.0
1783355400,69.232,69.352,68.862,69.102,1004.0
1783357200,69.102,69.342,68.852,69.302,967.0
1783359000,69.302,69.512,69.102,69.152,1098.0
1783360800,69.162,69.332,68.972,69.272,993.0
1783362600,69.272,69.432,69.092,69.132,814.0
1783364400,69.132,69.202,68.742,68.752,630.0
1783366200,68.762,68.812,68.632,68.702,556.0
1783368000,68.692,68.892,68.612,68.812,458.0
1783369800,68.812,68.982,68.782,68.922,514.0
1783371600,68.922,69.012,68.842,68.942,558.0
1783373400,68.942,68.992,68.752,68.932,315.0
1783375200,68.932,69.132,68.932,69.112,215.0
1783377000,69.112,69.152,69.052,69.082,190.0
1783378800,69.082,69.102,69.012,69.062,127.0
1783380600,69.062,69.142,68.992,69.002,101.0
1783386000,69.004,69.074,68.964,69.044,80.0
1783387800,69.044,69.124,69.034,69.124,54.0
1783389600,69.124,69.264,69.024,69.164,110.0
1783391400,69.164,69.194,69.114,69.114,73.0
1783393200,69.114,69.274,69.074,69.134,253.0
1783395000,69.134,69.254,69.084,69.244,210.0
1783396800,69.244,69.314,68.994,69.124,494.0
1783398600,69.124,69.454,69.104,69.434,387.0
1783400400,69.434,69.634,69.364,69.584,327.0
1783402200,69.584,69.674,69.334,69.354,380.0
1783404000,69.354,69.584,69.334,69.424,332.0
1783405800,69.424,69.434,69.214,69.304,264.0
1783407600,69.304,69.374,69.284,69.364,197.0
1783409400,69.364,69.394,69.324,69.334,145.0
1783411200,69.334,69.594,69.324,69.564,255.0
1783413000,69.564,69.784,69.494,69.724,444.0
1783414800,69.724,69.804,69.564,69.614,536.0
1783416600,69.614,69.834,69.564,69.814,507.0
1783418400,69.814,69.914,69.674,69.844,748.0
1783420200,69.844,69.994,69.674,69.704,728.0
1783422000,69.714,69.804,69.424,69.424,984.0
1783423800,69.424,69.914,69.334,69.724,971.0
1783425600,69.724,70.104,69.544,69.664,874.0
1783427400,69.664,69.774,69.424,69.634,737.0
1783429200,69.634,69.634,69.454,69.534,644.0
1783431000,69.564,69.774,69.424,69.754,640.0
1783432800,69.754,69.834,69.454,69.454,653.0
1783434600,69.454,69.594,69.304,69.394,655.0
1783436400,69.394,69.474,69.254,69.394,661.0
1783438200,69.394,69.694,69.294,69.504,693.0
1783440000,69.484,70.184,69.484,69.964,1385.0
1783441800,69.964,70.434,69.854,70.404,1540.0
1783443600,70.404,70.884,70.154,70.604,1685.0
1783445400,70.604,70.784,70.344,70.604,1068.0
1783447200,70.594,70.844,70.524,70.574,1127.0
1783449000,70.564,70.924,70.454,70.714,878.0
1783450800,70.704,70.924,70.674,70.874,658.0
1783452600,70.874,70.884,70.704,70.804,449.0
1783454400,70.804,71.024,70.714,70.954,577.0
1783456200,70.954,71.064,70.714,70.794,444.0
1783458000,70.794,70.954,70.724,70.854,737.0
1783459800,70.854,71.824,70.704,71.814,1283.0
1783461600,71.824,72.874,71.784,72.584,2061.0
1783463400,72.584,72.684,72.124,72.254,1131.0
1783465200,72.254,72.474,72.244,72.434,484.0
1783467000,72.414,72.674,72.414,72.554,386.0
1783472400,72.667,72.957,72.457,72.747,476.0
1783474200,72.747,72.827,72.687,72.797,217.0
1783476000,72.797,72.817,72.617,72.777,194.0
1783477800,72.777,72.837,72.597,72.757,221.0
1783479600,72.757,73.037,72.697,72.887,475.0
1783481400,72.887,72.887,72.307,72.327,577.0
1783483200,72.327,72.467,72.087,72.157,1287.0
1783485000,72.147,72.507,72.117,72.477,936.0
1783486800,72.477,72.857,72.347,72.777,623.0
1783488600,72.777,72.807,72.437,72.587,719.0
1783490400,72.587,72.737,72.557,72.567,577.0
1783492200,72.567,72.667,72.507,72.607,353.0
1783494000,72.607,72.727,72.587,72.597,292.0
1783495800,72.597,72.707,72.547,72.697,290.0
1783497600,72.707,73.237,72.697,73.077,490.0
1783499400,73.077,73.157,72.677,73.107,1037.0
1783501200,73.097,73.257,72.937,72.997,1208.0
1783503000,72.997,73.177,72.887,72.907,922.0
1783504800,72.907,73.187,72.347,72.367,1314.0
1783506600,72.367,72.437,72.157,72.427,1000.0
1783508400,72.407,74.597,72.267,74.367,2907.0
1783510200,74.357,75.257,74.297,75.197,2771.0
1783512000,75.197,75.637,75.117,75.197,1896.0
1783513800,75.207,75.397,74.787,75.237,1752.0
1783515600,75.237,75.307,74.537,74.547,1525.0
1783517400,74.547,74.567,74.167,74.487,1579.0
1783519200,74.497,74.767,74.297,74.637,1139.0
1783521000,74.637,74.907,73.817,74.417,1866.0
1783522800,74.427,74.677,73.757,73.797,1814.0
1783524600,73.797,74.217,73.487,74.177,1929.0
1783526400,74.177,74.627,73.967,74.587,2530.0
1783528200,74.577,74.637,73.667,74.097,2008.0
1783530000,74.097,75.827,74.087,75.827,2165.0
1783531800,75.847,76.127,75.447,75.647,2723.0
1783533600,75.637,76.177,75.587,75.627,2468.0
1783535400,75.627,76.417,75.597,76.187,1704.0
1783537200,76.177,76.327,75.257,75.397,1953.0
1783539000,75.407,75.617,74.727,74.917,2450.0
1783540800,74.907,74.967,74.157,74.187,1595.0
1783542600,74.177,74.317,73.887,74.117,1557.0
1783544400,74.107,74.137,73.777,73.877,1555.0
1783546200,73.877,74.177,73.687,73.947,1035.0
1783548000,73.947,74.067,73.837,73.967,603.0
1783549800,73.967,74.647,73.927,74.397,1041.0
1783551600,74.397,75.127,74.397,74.947,981.0
1783553400,74.947,75.387,74.907,74.947,905.0
1783558800,75.29,75.29,74.77,74.81,333.0
1783560600,74.81,74.93,74.55,74.82,280.0
1783562400,74.82,74.87,74.76,74.77,129.0
1783564200,74.77,74.81,74.71,74.77,112.0
1783566000,74.77,74.8,74.44,74.52,468.0
1783567800,74.52,74.69,74.32,74.33,432.0
1783569600,74.34,74.92,74.2,74.7,1183.0
1783571400,74.7,74.71,74.41,74.44,645.0
1783573200,74.42,74.63,74.29,74.56,587.0
1783575000,74.56,74.98,74.56,74.83,823.0
1783576800,74.83,74.91,74.57,74.72,608.0
1783578600,74.72,74.73,74.51,74.58,335.0
1783580400,74.58,74.73,74.57,74.71,189.0
1783582200,74.71,74.71,74.56,74.66,203.0
1783584000,74.66,74.85,74.33,74.62,568.0
1783585800,74.62,74.62,73.32,73.38,1531.0
1783587600,73.38,73.84,73.34,73.65,1227.0
1783589400,73.66,73.7,73.5,73.63,888.0
1783591200,73.63,74.04,73.46,73.52,1020.0
1783593000,73.52,73.56,72.86,73.08,1442.0
1783594800,73.08,73.21,72.72,72.81,1417.0
1783596600,72.8,73.36,72.69,73.35,1092.0
1783598400,73.36,73.55,73.28,73.51,944.0
1783600200,73.51,73.98,73.41,73.82,1080.0
1783602000,73.82,74.14,73.73,74.11,898.0
1783603800,74.11,74.93,73.92,74.57,1321.0
1783605600,74.57,74.61,74.21,74.38,1226.0
1783607400,74.38,74.54,74.16,74.27,1014.0
1783609200,74.26,74.42,73.94,74.15,1086.0
1783611000,74.15,74.42,73.98,74.23,1129.0
1783612800,74.22,74.31,73.25,73.49,1821.0
1783614600,73.49,73.56,72.94,72.97,1700.0
1783616400,72.97,73.23,72.77,73.01,1424.0
1783618200,73.01,73.38,72.52,72.63,1657.0
1783620000,72.62,72.84,72.38,72.5,1487.0
1783621800,72.49,72.75,72.14,72.45,1349.0
1783623600,72.46,72.59,72.22,72.3,1027.0
1783625400,72.3,72.43,71.97,72.25,1024.0
1783627200,72.25,72.43,72.09,72.12,704.0
1783629000,72.12,72.2,71.74,71.84,882.0
1783630800,71.84,72.5,71.75,72.41,1281.0
1783632600,72.41,72.45,71.88,71.92,819.0
1783634400,71.92,72.0,71.75,72.0,469.0
1783636200,72.02,72.2,71.99,72.19,368.0
1783638000,72.21,72.24,71.94,72.13,297.0
1783639800,72.13,72.22,72.05,72.13,283.0
1783645200,72.093,72.123,71.583,72.033,312.0
1783647000,72.033,72.143,72.023,72.103,129.0
1783648800,72.103,72.173,72.023,72.143,121.0
1783650600,72.143,72.213,72.093,72.203,102.0
1783652400,72.203,72.263,72.053,72.123,396.0
1783654200,72.123,72.303,72.123,72.263,305.0
1783656000,72.263,72.463,72.053,72.383,878.0
1783657800,72.383,72.473,72.303,72.433,702.0
1783659600,72.443,72.573,72.373,72.573,419.0
1783661400,72.573,72.693,72.483,72.643,507.0
1783663200,72.633,72.673,72.463,72.563,384.0
1783665000,72.563,72.693,72.503,72.683,277.0
1783666800,72.683,72.843,72.633,72.743,234.0
1783668600,72.743,72.743,72.463,72.573,308.0
1783670400,72.583,72.703,72.563,72.583,268.0
1783672200,72.583,72.683,72.263,72.443,602.0
1783674000,72.463,72.473,72.033,72.163,725.0
1783675800,72.163,72.553,72.163,72.333,717.0
1783677600,72.303,72.373,71.753,71.873,1009.0
1783679400,71.873,71.953,71.593,71.863,968.0
1783681200,71.813,71.933,71.463,71.933,1563.0
1783683000,71.923,72.463,71.923,72.173,1230.0
1783684800,72.173,72.343,71.803,71.923,1043.0
1783686600,71.923,72.233,71.823,72.143,836.0
1783688400,72.133,72.343,72.083,72.263,790.0
1783690200,72.263,72.583,72.193,72.533,705.0
1783692000,72.553,72.803,72.433,72.773,893.0
1783693800,72.773,73.123,72.733,73.013,870.0
1783695600,73.013,73.123,71.763,72.333,1565.0
1783697400,72.333,72.623,72.213,72.233,1112.0
1783699200,72.233,72.663,72.163,72.393,1320.0
1783701000,72.383,72.453,71.803,71.873,1509.0
1783702800,71.883,72.153,71.813,72.013,1134.0
1783704600,72.003,73.383,71.693,72.223,2732.0
1783706400,72.223,72.223,71.443,71.613,1820.0
1783708200,71.61,71.703,71.063,71.293,1438.0
1783710000,71.293,71.773,71.293,71.533,1095.0
1783711800,71.543,71.593,71.303,71.373,710.0
1783713600,71.373,71.683,71.333,71.543,785.0
1783715400,71.543,71.683,71.413,71.573,848.0
1783717200,71.583,71.793,71.373,71.693,1151.0
1783719000,71.693,71.893,71.653,71.883,458.0
1783720800,71.883,71.983,71.783,71.903,242.0
1783722600,71.903,71.973,71.733,71.853,326.0
1783724400,71.853,71.883,71.783,71.853,207.0
1783726200,71.853,71.933,71.763,71.773,191.0
1783904400,73.631,74.391,73.371,73.871,1209.0
1783906200,73.871,73.961,73.781,73.891,330.0
1783908000,73.891,73.951,73.821,73.941,208.0
1783909800,73.941,74.081,73.871,73.981,257.0
1783911600,73.971,74.361,73.921,74.121,407.0
1783913400,74.121,74.681,74.101,74.471,670.0
1783915200,74.451,74.761,74.381,74.511,1603.0
1783917000,74.511,74.841,74.511,74.591,956.0
1783918800,74.591,74.791,74.501,74.681,807.0
1783920600,74.681,74.711,74.311,74.451,989.0
1783922400,74.451,74.641,74.431,74.511,529.0
1783924200,74.511,74.581,74.331,74.491,507.0
1783926000,74.491,74.601,74.481,74.541,277.0
1783927800,74.551,74.761,74.521,74.731,229.0
1783929600,74.731,74.901,74.681,74.901,365.0
1783931400,74.901,75.281,74.821,74.901,1020.0
1783933200,74.901,74.921,74.461,74.521,911.0
1783935000,74.521,74.561,74.201,74.261,956.0
1783936800,74.261,74.421,74.131,74.301,858.0
1783938600,74.301,74.431,73.881,74.241,968.0
1783940400,74.201,74.251,73.301,73.431,1715.0
1783942200,73.421,73.721,72.961,73.261,1191.0
1783944000,73.281,73.371,72.851,73.061,1098.0
1783945800,73.061,73.391,72.821,73.331,1128.0
1783947600,73.331,73.921,73.321,73.901,1111.0
1783949400,73.911,74.141,73.841,74.011,937.0
1783951200,74.001,74.251,73.791,73.991,1176.0
1783953000,74.001,74.161,73.881,74.021,866.0
1783954800,74.021,74.341,73.841,74.311,1161.0
1783956600,74.311,74.661,73.981,73.991,1279.0
1783958400,73.971,74.231,73.641,73.851,1493.0
1783960200,73.871,74.301,73.811,73.941,1409.0
1783962000,73.941,75.411,73.721,74.991,2546.0
1783963800,74.991,75.021,74.361,74.701,1836.0
1783965600,74.701,75.191,74.621,74.721,1586.0
1783967400,74.721,75.071,74.671,75.051,1209.0
1783969200,75.051,75.381,74.981,75.321,1048.0
1783971000,75.331,76.161,75.191,75.951,1502.0
1783972800,75.941,76.241,75.601,76.201,1311.0
1783974600,76.201,77.841,76.151,77.801,2013.0
1783976400,77.801,78.651,77.591,78.351,2875.0
1783978200,78.341,78.591,77.691,77.841,1704.0
1783980000,77.841,78.021,77.681,77.961,964.0
1783981800,77.961,78.181,77.821,77.861,946.0
1783983600,77.861,78.771,77.841,78.351,1136.0
1783985400,78.351,78.541,78.131,78.131,784.0
1783990800,78.384,78.394,78.024,78.304,428.0
1783992600,78.304,79.254,78.294,79.224,467.0
1783994400,79.224,79.314,78.774,79.134,592.0
1783996200,79.134,79.754,79.134,79.144,669.0
1783998000,79.144,80.584,78.764,80.304,2269.0
1783999800,80.314,80.394,79.894,80.024,1486.0
1784001600,80.024,80.114,79.264,79.654,2649.0
1784003400,79.654,79.764,79.364,79.714,1499.0
1784005200,79.714,79.754,79.284,79.374,1196.0
1784007000,79.374,79.784,79.104,79.694,1424.0
1784008800,79.694,80.224,79.654,79.984,1153.0
1784010600,79.984,80.234,79.604,79.794,1054.0
1784012400,79.794,79.984,79.614,79.794,696.0
1784014200,79.794,80.084,79.744,79.954,555.0
1784016000,79.964,80.074,79.814,79.874,581.0
1784017800,79.864,79.864,79.014,79.534,1903.0
1784019600,79.554,80.494,79.494,80.394,1399.0
1784021400,80.384,80.754,80.154,80.614,1731.0
1784023200,80.614,80.794,80.144,80.604,2006.0
1784025000,80.604,81.104,80.264,80.554,2195.0
1784026800,80.524,81.294,80.144,80.534,2810.0
1784028600,80.524,81.224,80.484,81.204,2194.0
1784030400,81.224,81.414,80.234,80.854,2386.0
1784032200,80.834,80.864,80.334,80.754,1666.0
1784034000,80.754,81.244,80.684,81.054,1503.0
1784035800,81.064,81.454,80.484,81.084,1799.0
1784037600,81.074,81.224,80.114,80.154,1831.0
1784039400,80.154,80.154,79.664,79.714,1972.0
1784041200,79.674,80.334,79.674,80.234,1724.0
1784043000,80.234,81.064,79.884,80.874,2488.0
1784044800,80.874,81.134,80.014,80.214,2690.0
1784046600,80.214,80.694,79.764,80.104,2901.0
1784048400,80.124,80.174,79.504,79.594,2660.0
1784050200,79.594,79.684,78.334,79.024,2966.0
1784052000,79.014,79.214,78.024,78.724,3364.0
1784053800,78.744,79.964,78.744,79.654,2426.0
1784055600,79.654,79.814,78.964,79.534,1914.0
1784057400,79.534,79.564,79.144,79.384,1326.0
1784059200,79.384,79.494,78.984,79.254,1533.0
1784061000,79.254,79.344,78.684,78.904,1529.0
1784062800,78.904,79.574,78.904,79.574,1665.0
1784064600,79.584,79.984,79.504,79.814,1131.0
1784066400,79.814,79.984,79.674,79.764,849.0
1784068200,79.764,80.134,79.764,79.864,890.0
1784070000,79.854,80.184,79.854,80.114,569.0
1784071800,80.114,80.444,79.974,80.054,645.0
1784077200,79.836,80.386,79.826,80.016,520.0
1784079000,80.016,80.146,79.976,80.056,186.0
1784080800,80.056,80.116,79.836,79.906,141.0
1784082600,79.906,80.076,79.896,79.996,155.0
1784084400,79.996,80.466,79.756,80.406,669.0
1784086200,80.406,80.736,80.346,80.356,647.0
1784088000,80.356,80.356,79.926,80.216,1479.0
1784089800,80.216,80.396,80.046,80.366,885.0
1784091600,80.366,80.526,80.186,80.346,560.0
1784093400,80.346,80.586,80.296,80.446,648.0
1784095200,80.436,80.456,80.226,80.236,611.0
1784097000,80.236,80.386,79.976,80.086,552.0
1784098800,80.086,80.226,79.906,80.006,486.0
1784100600,80.006,80.046,79.816,79.936,396.0
1784102400,79.936,80.126,79.876,80.016,569.0
1784104200,80.016,80.056,79.636,79.856,1270.0
1784106000,79.856,80.016,79.646,79.866,986.0
1784107800,79.866,80.186,79.726,80.136,1029.0
1784109600,80.126,80.636,80.126,80.486,1275.0
1784111400,80.486,80.766,80.296,80.696,1264.0
1784113200,80.696,81.086,80.006,80.016,2004.0
1784115000,79.996,80.166,79.496,79.546,1890.0
1784116800,79.546,80.126,79.446,80.086,1370.0
1784118600,80.086,80.316,79.866,80.276,1121.0
1784120400,80.276,80.486,80.096,80.426,1119.0
1784122200,80.426,80.456,79.996,80.016,1022.0
1784124000,80.016,80.236,79.886,79.886,1044.0
1784125800,79.886,80.056,79.516,79.706,1187.0
1784127600,79.746,80.076,79.696,79.986,1082.0
1784129400,79.986,80.046,79.756,79.916,1189.0
1784131200,79.926,80.596,79.756,80.526,1754.0
1784133000,80.536,80.536,79.536,79.936,2076.0
1784134800,79.956,80.006,79.386,79.536,1979.0
1784136600,79.546,79.596,78.706,78.786,2495.0
1784138400,78.776,79.116,78.476,78.546,2211.0
1784140200,78.546,79.036,78.346,79.016,2016.0
1784142000,79.026,79.526,79.006,79.356,1467.0
1784143800,79.376,79.866,78.996,79.636,1301.0
1784145600,79.636,79.636,79.126,79.136,1224.0
1784147400,79.136,79.316,78.946,79.126,1419.0
1784149200,79.126,79.826,78.976,79.816,1252.0
1784151000,79.806,80.046,79.766,79.896,909.0
1784152800,79.896,80.066,79.706,80.046,661.0
1784154600,80.036,80.826,79.986,80.456,1232.0
1784156400,80.466,80.626,80.326,80.456,539.0
1784158200,80.456,80.606,80.336,80.386,384.0
1784163600,80.119,80.489,80.029,80.479,342.0
1784165400,80.479,80.689,80.359,80.419,297.0
1784167200,80.419,80.479,80.289,80.309,179.0
1784169000,80.309,80.389,80.239,80.289,181.0
1784170800,80.289,80.289,79.999,80.099,454.0
1784172600,80.099,80.339,80.079,80.249,319.0
1784174400,80.249,80.489,80.139,80.259,995.0
1784176200,80.259,80.419,80.069,80.179,676.0
1784178000,80.179,80.399,80.169,80.349,415.0
1784179800,80.349,80.379,80.119,80.149,653.0
1784181600,80.149,80.209,79.779,79.829,722.0
1784183400,79.829,79.869,79.399,79.669,591.0
1784185200,79.669,79.739,79.569,79.629,375.0
1784187000,79.629,79.639,79.379,79.499,324.0
1784188800,79.489,79.529,79.359,79.419,373.0
1784190600,79.419,79.609,79.269,79.529,954.0
1784192400,79.529,79.809,79.419,79.699,988.0
1784194200,79.699,79.809,79.379,79.539,1021.0
1784196000,79.529,79.869,79.339,79.809,1076.0
1784197800,79.819,79.899,79.589,79.669,1066.0
1784199600,79.679,79.759,79.389,79.549,1459.0
1784201400,79.539,79.799,79.399,79.439,1089.0
1784203200,79.439,79.509,79.019,79.209,1285.0
1784205000,79.209,79.769,79.149,79.679,1023.0
1784206800,79.679,79.729,79.519,79.699,787.0
1784208600,79.699,79.809,79.579,79.739,627.0
1784210400,79.749,79.749,79.449,79.499,845.0
1784212200,79.499,80.389,79.469,79.799,1498.0
1784214000,79.759,80.839,79.739,80.569,1563.0
1784215800,80.569,80.819,80.409,80.619,1762.0
1784217600,80.609,80.989,80.249,80.269,1865.0
1784219400,80.269,80.479,79.999,80.199,1763.0
1784221200,80.199,80.429,79.819,80.159,1607.0
1784223000,80.159,80.189,79.579,79.709,1646.0
1784224800,79.709,79.889,79.429,79.639,1708.0
1784226600,79.639,79.799,79.299,79.469,1391.0
1784228400,79.469,80.189,79.429,79.559,1850.0
1784230200,79.569,79.569,78.949,79.099,1456.0
1784232000,79.099,79.369,78.909,79.069,1172.0
1784233800,79.069,79.239,78.829,78.889,1232.0
1784235600,78.899,79.189,78.709,79.089,1238.0
1784237400,79.109,79.199,78.879,79.129,577.0
1784239200,79.129,79.219,79.069,79.109,338.0
1784241000,79.109,79.289,79.109,79.179,342.0
1784242800,79.189,79.279,78.989,79.229,347.0
1784244600,79.229,79.799,79.229,79.689,468.0
1784250000,79.662,79.822,79.572,79.722,230.0
1784251800,79.722,79.782,79.682,79.692,143.0
1784253600,79.682,79.782,79.672,79.762,129.0
1784255400,79.762,79.792,79.712,79.782,92.0
1784257200,79.782,79.802,79.552,79.762,396.0
1784259000,79.762,79.912,79.592,79.882,298.0
1784260800,79.882,80.292,79.772,80.292,793.0
1784262600,80.292,80.332,79.872,79.922,605.0
1784264400,79.922,80.012,79.832,79.842,354.0
1784266200,79.842,79.842,79.532,79.772,725.0
1784268000,79.772,79.872,79.642,79.822,463.0
1784269800,79.822,79.932,79.702,79.922,244.0
1784271600,79.922,80.042,79.842,80.012,219.0
1784273400,80.012,80.042,79.872,79.942,156.0
1784275200,79.952,79.972,79.702,79.742,188.0
1784277000,79.742,79.872,78.912,79.182,1644.0
1784278800,79.182,79.232,78.702,79.202,1365.0
1784280600,79.202,79.652,79.132,79.402,1041.0
1784282400,79.402,79.892,79.402,79.772,896.0
1784284200,79.772,79.822,79.502,79.532,855.0
1784286000,79.542,79.872,79.292,79.832,1418.0
1784287800,79.812,80.082,79.562,80.072,966.0
1784289600,80.082,80.582,80.052,80.532,1175.0
1784291400,80.542,80.682,80.422,80.532,888.0
1784293200,80.522,80.852,80.332,80.602,832.0
1784295000,80.622,80.812,80.512,80.762,609.0
1784296800,80.762,81.072,80.692,80.832,717.0
1784298600,80.832,80.972,80.682,80.952,714.0
1784300400,80.952,81.072,80.822,81.002,711.0
1784302200,81.002,81.212,80.862,81.112,824.0
1784304000,81.102,81.772,81.072,81.712,1525.0
1784305800,81.712,81.962,81.352,81.912,1322.0
1784307600,81.902,82.012,81.602,81.672,1182.0
1784309400,81.672,81.672,80.962,80.982,1159.0
1784311200,80.982,81.332,80.582,81.182,1775.0
1784313000,81.182,81.612,81.082,81.452,1290.0
1784314800,81.442,82.272,81.392,82.162,1529.0
1784316600,82.162,82.312,81.972,82.232,840.0
1784318400,82.242,82.482,82.042,82.402,786.0
1784320200,82.402,82.632,82.272,82.532,987.0
1784322000,82.532,82.822,82.382,82.442,1319.0
1784323800,82.422,82.452,82.122,82.172,783.0
1784325600,82.172,82.232,82.082,82.132,564.0
1784327400,82.132,82.222,81.872,82.202,770.0
1784329200,82.202,82.512,82.092,82.492,392.0
1784331000,82.492,82.622,82.372,82.492,490.0
1784509200,83.65,85.26,83.65,85.26,1472.0
1784511000,85.26,85.28,84.7,84.72,633.0
1784512800,84.72,84.85,84.48,84.63,495.0
1784514600,84.64,84.69,84.41,84.53,367.0
1784516400,84.5,84.57,84.21,84.39,785.0
1784518200,84.39,84.46,84.22,84.25,524.0
1784520000,84.25,84.36,84.05,84.27,1864.0
1784521800,84.27,84.54,84.19,84.37,1091.0
1784523600,84.37,84.53,84.1,84.29,736.0
1784525400,84.29,84.37,84.0,84.04,1163.0
1784527200,84.04,84.31,84.01,84.21,708.0
1784529000,84.21,84.33,84.19,84.32,269.0
1784530800,84.32,84.46,84.28,84.37,206.0
1784532600,84.37,84.38,84.15,84.22,352.0
1784534400,84.2,84.39,84.12,84.37,370.0
1784536200,84.37,84.54,84.16,84.49,905.0
1784538000,84.49,84.88,84.41,84.48,1142.0
1784539800,84.48,84.78,84.35,84.57,1151.0
1784541600,84.53,84.85,83.81,83.88,1497.0
1784543400,83.88,83.92,82.8,82.9,2264.0
1784545200,82.9,82.9,82.08,82.3,2109.0
1784547000,82.29,82.37,81.94,82.25,1745.0
1784548800,82.24,82.39,81.81,82.02,1327.0
1784550600,82.02,82.02,81.66,81.86,1255.0
1784552400,81.88,82.18,81.85,82.14,1015.0
1784554200,82.14,82.51,82.11,82.33,828.0
1784556000,82.3,82.41,82.1,82.28,919.0
1784557800,82.28,82.29,80.27,80.95,3071.0
1784559600,80.94,82.65,80.93,82.51,2341.0
1784561400,82.51,82.81,82.27,82.55,1766.0
1784563200,82.55,82.67,81.84,82.02,2146.0
1784565000,82.0,82.45,81.78,82.39,1906.0
1784566800,82.39,82.7,82.15,82.2,1690.0
1784568600,82.2,82.74,81.97,82.66,1664.0
1784570400,82.68,82.77,81.8,82.08,2266.0
1784572200,82.08,82.32,81.95,82.24,1379.0
1784574000,82.26,82.3,81.87,82.29,1011.0
1784575800,82.29,83.09,82.25,82.58,1740.0
1784577600,82.58,82.66,82.35,82.44,1126.0
1784579400,82.45,82.97,82.44,82.85,1286.0
1784581200,82.85,83.29,82.51,83.26,1683.0
1784583000,83.27,83.83,83.25,83.54,978.0
1784584800,83.54,83.67,83.07,83.2,677.0
1784586600,83.21,83.27,82.86,83.11,1132.0
1784588400,83.11,83.21,83.04,83.15,510.0
1784590200,83.16,83.23,83.09,83.1,409.0
1784595600,83.063,83.353,83.063,83.233,279.0
1784597400,83.233,83.333,83.163,83.293,197.0
1784599200,83.293,83.383,83.173,83.173,204.0
1784601000,83.173,83.263,83.093,83.133,134.0
1784602800,83.133,83.203,82.973,83.183,396.0
1784604600,83.183,83.203,83.043,83.153,230.0
1784606400,83.153,83.193,82.603,82.813,1125.0
1784608200,82.803,83.123,82.763,83.073,683.0
1784610000,83.073,83.083,82.873,83.013,383.0
1784611800,83.013,83.193,82.783,82.803,607.0
1784613600,82.803,83.053,82.763,82.943,526.0
1784615400,82.943,82.973,82.793,82.833,331.0
1784617200,82.833,82.843,82.573,82.803,300.0
1784619000,82.803,82.903,82.733,82.783,175.0
1784620800,82.783,83.063,82.753,82.973,297.0
1784622600,82.973,82.993,82.473,82.703,869.0
1784624400,82.753,82.903,82.583,82.593,981.0
1784626200,82.583,82.973,82.563,82.973,959.0
1784628000,82.963,83.543,82.903,83.543,981.0
1784629800,83.543,83.693,82.553,82.563,1425.0
1784631600,82.583,82.713,82.053,82.593,1643.0
1784633400,82.623,83.103,82.543,82.893,1250.0
1784635200,82.903,83.593,82.603,83.573,1054.0
1784637000,83.593,84.023,83.283,83.913,1307.0
1784638800,83.923,83.923,82.963,83.523,1800.0
1784640600,83.523,84.023,83.333,83.913,1476.0
1784642400,83.933,84.373,83.863,84.293,1151.0
1784644200,84.293,84.653,84.133,84.533,1099.0
1784646000,84.503,84.803,83.983,84.763,1504.0
1784647800,84.773,85.073,84.593,84.783,1585.0
1784649600,84.793,85.313,84.733,85.263,1794.0
1784651400,85.283,85.593,84.943,85.033,1834.0
1784653200,85.043,85.333,84.853,85.273,1621.0
1784655000,85.293,85.673,84.733,85.373,1769.0
1784656800,85.383,85.503,84.363,85.213,2095.0
1784658600,85.253,85.443,85.003,85.163,1450.0
1784660400,85.163,85.203,84.753,84.983,1176.0
1784662200,84.983,85.223,84.843,85.043,878.0
1784664000,85.043,85.153,84.693,84.853,775.0
1784665800,84.853,85.153,84.843,85.013,757.0
1784667600,85.013,85.053,84.623,85.033,1467.0
1784669400,85.033,85.223,84.773,85.173,741.0
1784671200,85.183,85.343,85.103,85.293,522.0
1784673000,85.283,85.413,85.183,85.313,472.0
1784674800,85.313,85.393,85.133,85.163,365.0
1784676600,85.163,85.213,84.973,85.193,379.0
1784682000,85.281,85.311,85.221,85.281,149.0
1784683800,85.281,85.421,85.281,85.341,142.0
1784685600,85.341,85.351,85.271,85.321,83.0
1784687400,85.321,85.541,85.291,85.421,171.0
1784689200,85.421,85.421,85.181,85.351,403.0
1784691000,85.351,85.451,85.101,85.281,350.0
1784692800,85.281,86.381,85.211,86.111,1516.0
1784694600,86.101,86.371,86.071,86.231,1005.0
1784696400,86.231,86.281,85.801,85.921,762.0
1784698200,85.921,85.921,85.551,85.691,1009.0
1784700000,85.691,85.941,85.671,85.801,692.0
1784701800,85.801,85.981,85.771,85.981,309.0
1784703600,85.981,86.051,85.851,85.901,339.0
1784705400,85.901,86.091,85.881,86.061,310.0
1784707200,86.061,86.191,85.981,86.021,317.0
1784709000,86.021,86.091,85.661,85.781,965.0
1784710800,85.801,86.771,85.681,86.661,1377.0
1784712600,86.661,87.011,86.531,86.771,1212.0
1784714400,86.761,87.431,86.761,87.381,1230.0
1784716200,87.401,88.491,87.321,88.331,1966.0
1784718000,88.311,88.351,87.781,88.001,1837.0
1784719800,88.041,88.431,87.781,88.251,1500.0
1784721600,88.261,88.721,87.971,88.641,1613.0
1784723400,88.691,89.241,88.431,89.081,1675.0
1784725200,89.081,89.091,87.561,87.631,1793.0
1784727000,87.621,88.071,87.561,87.801,1701.0
1784728800,87.811,88.131,87.811,88.041,1185.0
1784730600,88.041,88.481,87.651,87.981,1733.0
1784732400,87.981,88.191,87.381,87.411,1355.0
1784734200,87.421,88.311,87.181,87.861,1627.0
1784736000,87.871,88.011,86.791,86.981,2049.0
1784737800,86.968,87.631,86.811,87.581,1880.0
1784739600,87.601,87.791,87.361,87.731,1425.0
1784741400,87.641,87.781,87.061,87.341,1697.0
1784743200,87.341,87.951,87.201,87.421,1556.0
1784745000,87.441,87.511,86.421,86.651,1732.0
1784746800,86.661,87.051,86.551,87.041,1054.0
1784748600,87.041,87.181,86.751,86.951,856.0
1784750400,86.961,87.551,86.961,87.351,932.0
1784752200,87.351,87.571,87.301,87.451,771.0
1784754000,87.461,87.701,87.281,87.481,1375.0
1784755800,87.491,87.731,87.481,87.691,628.0
1784757600,87.711,87.791,87.511,87.521,502.0
1784759400,87.521,87.541,87.101,87.151,568.0
1784761200,87.161,87.161,86.871,87.031,806.0
1784763000,87.041,87.301,87.001,87.061,602.0
1784768400,88.208,88.928,87.938,88.778,770.0
1784770200,88.778,88.958,88.418,88.558,484.0
1784772000,88.558,88.608,88.388,88.388,262.0
1784773800,88.388,88.568,88.348,88.418,240.0
1784775600,88.418,88.998,87.968,88.648,1017.0
1784777400,88.648,88.888,88.428,88.588,579.0
1784779200,88.588,89.148,88.448,89.088,1519.0
1784781000,89.088,89.238,88.548,88.708,1226.0
1784782800,88.708,88.848,88.648,88.818,720.0
1784784600,88.818,89.088,88.658,88.858,811.0
1784786400,88.858,89.278,88.818,89.098,826.0
1784788200,89.098,89.148,88.928,89.018,370.0
1784790000,89.018,89.078,88.718,88.748,397.0
1784791800,88.748,88.888,88.538,88.738,458.0
1784793600,88.738,89.018,88.608,88.608,437.0
1784795400,88.608,88.988,88.268,88.898,1273.0
1784797200,88.888,88.918,88.548,88.868,1061.0
1784799000,88.868,89.398,88.828,89.248,1104.0
1784800800,89.248,90.218,89.208,89.838,1639.0
1784802600,89.848,90.458,89.728,89.918,1635.0
1784804400,89.918,90.138,89.538,89.838,1850.0
1784806200,89.828,90.338,89.828,90.118,1518.0
1784808000,90.118,90.968,89.858,90.768,1473.0
1784809800,90.788,90.948,90.438,90.828,1495.0
1784811600,90.828,91.198,90.478,91.168,1261.0
1784813400,91.168,91.328,90.728,90.738,1262.0
1784815200,90.738,91.488,90.718,91.318,1110.0
1784817000,91.318,91.788,90.898,91.298,1410.0
1784818800,91.298,91.978,91.158,91.448,1677.0
1784820600,91.498,91.838,91.128,91.438,1951.0
1784822400,91.498,92.198,91.298,91.568,2415.0
1784824200,91.578,92.498,91.348,92.348,2092.0
1784826000,92.338,92.568,91.598,92.358,2088.0
1784827800,92.358,92.758,91.928,92.508,2010.0
1784829600,92.498,93.378,92.348,93.098,2395.0
1784831400,93.088,93.388,92.398,92.468,2200.0
1784833200,92.468,92.978,92.198,92.498,1741.0
1784835000,92.478,93.188,92.478,92.938,1300.0
1784836800,92.948,93.398,92.918,93.188,1381.0
