ticket,order,time_utc,time_broker,symbol,type,entry,volume,price,profit,commission,swap,fee,position_id,magic,comment
260614891,0,2026-06-28T23:12:20+00:00,1782688340,,BALANCE,IN,0.0,0.0,50000.0,0.0,0.0,0.0,0,0,Demo Deposit
260739250,330977312,2026-06-29T05:40:08+00:00,1782711608,GER40,BUY,IN,2.5,24785.1,0.0,0.0,0.0,0.0,330977312,52890969,forexsai-sr GDAX
261075065,331388704,2026-06-29T17:15:00+00:00,1782753300,GER40,SELL,OUT,2.5,24608.3,-504.35,0.0,0.0,0.0,330977312,52890969,[sl 24608.3]
261406494,331815246,2026-06-30T06:29:10+00:00,1782800950,SpotCrude,BUY,IN,5.0,71.056,0.0,0.0,0.0,0.0,331815246,52890969,fxs-sr USOIL.FOR
261440809,331860730,2026-06-30T08:01:19+00:00,1782806479,GER40,SELL,IN,5.0,24830.8,0.0,0.0,0.0,0.0,331860730,52890970,fxs GDAXI.INDX:S
261450772,331869738,2026-06-30T08:30:00+00:00,1782808200,SpotCrude,SELL,IN,5.0,70.794,0.0,0.0,0.0,0.0,331869738,52890969,fxs-sr USOIL.FOR
261462457,331886300,2026-06-30T09:01:33+00:00,1782810093,SpotCrude,BUY,OUT,5.0,70.614,90.0,0.0,0.0,0.0,331869738,52890969,[tp 70.614]
261469492,331895464,2026-06-30T09:21:57+00:00,1782811317,SpotCrude,SELL,OUT,5.0,70.417,-319.5,0.0,0.0,0.0,331815246,52890969,[sl 70.417]
261499917,331928660,2026-06-30T10:00:14+00:00,1782813614,SpotCrude,SELL,IN,5.0,70.725,0.0,0.0,0.0,0.0,331928660,52890969,fxs-sr USOIL.FOR
261542866,331991369,2026-06-30T11:36:19+00:00,1782819379,SpotCrude,BUY,OUT,5.0,71.423,-349.0,0.0,0.0,0.0,331928660,52890969,[sl 71.423]
261550969,331994416,2026-06-30T11:56:05+00:00,1782820565,SpotCrude,BUY,IN,5.0,71.153,0.0,0.0,0.0,0.0,331994416,52890969,fxs-sr USOIL.FOR
261560132,332011966,2026-06-30T12:24:11+00:00,1782822251,SpotCrude,SELL,OUT,5.0,71.32,83.5,0.0,0.0,0.0,331994416,52890969,[tp 71.320]
261560459,332012323,2026-06-30T12:25:03+00:00,1782822303,SpotCrude,BUY,IN,5.0,71.317,0.0,0.0,0.0,0.0,332012323,52890969,fxs-sr USOIL.FOR
261570767,332027988,2026-06-30T12:49:33+00:00,1782823773,GER40,BUY,OUT,5.0,24949.8,-678.0,0.0,0.0,0.0,331860730,52890970,[sl 24949.8]
261570868,332028110,2026-06-30T12:50:00+00:00,1782823800,GER40,SELL,IN,5.0,24953.4,0.0,0.0,0.0,0.0,332028110,52890970,fxs GDAXI.INDX:S
261630332,332118062,2026-06-30T15:18:19+00:00,1782832699,SpotCrude,SELL,OUT,5.0,72.059,371.0,0.0,0.0,0.0,332012323,52890969,[tp 72.059]
261642870,332133635,2026-06-30T15:35:08+00:00,1782833708,SpotCrude,BUY,IN,5.0,71.699,0.0,0.0,0.0,0.0,332133635,52890969,fxs-sr USOIL.FOR
261662952,332162278,2026-06-30T16:05:25+00:00,1782835525,SpotCrude,SELL,OUT,5.0,71.891,96.0,0.0,0.0,0.0,332133635,52890969,[tp 71.891]
261681612,332185057,2026-06-30T16:28:50+00:00,1782836930,SpotCrude,BUY,IN,5.0,71.665,0.0,0.0,0.0,0.0,332185057,52890969,fxs-sr USOIL.FOR
261775004,332302984,2026-06-30T17:42:45+00:00,1782841365,SpotCrude,SELL,OUT,5.0,71.112,-276.5,0.0,0.0,0.0,332185057,52890969,[sl 71.112]
261837594,332381940,2026-06-30T19:22:57+00:00,1782847377,SpotCrude,SELL,IN,5.0,70.615,0.0,0.0,0.0,0.0,332381940,52890969,fxs-sr USOIL.FOR
261840643,332386138,2026-06-30T19:33:38+00:00,1782848018,SpotCrude,BUY,OUT,5.0,70.426,94.5,0.0,0.0,0.0,332381940,52890969,[tp 70.426]
261920082,332483570,2026-06-30T23:38:07+00:00,1782862687,NAS100,SELL,IN,5.0,30237.4,0.0,0.0,0.0,0.0,332483570,52890971,fxs NDX.INDX:SEL
261920084,332483572,2026-06-30T23:38:07+00:00,1782862687,NAS100,SELL,IN,5.0,30237.4,0.0,0.0,0.0,0.0,332483572,52890971,fxs NDX.INDX:SEL
261921819,332483552,2026-06-30T23:43:40+00:00,1782863020,SpotCrude,BUY,IN,5.0,70.618,0.0,0.0,0.0,0.0,332483552,52890969,fxs-sr USOIL.FOR
261991753,332572722,2026-07-01T04:18:15+00:00,1782879495,GER40,BUY,IN,5.0,25013.9,0.0,0.0,0.0,0.0,332572722,52890970,fxs GDAXI.INDX:B
262012642,332597537,2026-07-01T05:00:51+00:00,1782882051,NAS100,BUY,OUT,5.0,30190.2,236.0,0.0,4.75,0.0,332483572,52890971,[tp 30190.2]
262015298,332600450,2026-07-01T05:06:04+00:00,1782882364,NAS100,BUY,OUT,5.0,30157.4,400.0,0.0,4.75,0.0,332483570,52890971,[tp 30157.4]
262015359,332600519,2026-07-01T05:06:06+00:00,1782882366,NAS100,SELL,IN,5.0,30154.2,0.0,0.0,0.0,0.0,332600519,52890971,fxs NDX.INDX:SEL
262028797,332618398,2026-07-01T05:45:48+00:00,1782884748,SpotCrude,SELL,IN,5.0,70.354,0.0,0.0,0.0,0.0,332618398,52890969,fxs-sr USOIL.FOR
262115187,332738991,2026-07-01T10:15:25+00:00,1782900925,NAS100,BUY,OUT,5.0,30073.4,404.0,0.0,0.0,0.0,332600519,52890971,[tp 30073.4]
262115361,332739252,2026-07-01T10:16:08+00:00,1782900968,NAS100,SELL,IN,5.0,30072.0,0.0,0.0,0.0,0.0,332739252,52890971,fxs NDX.INDX:SEL
262117010,332741638,2026-07-01T10:19:18+00:00,1782901158,NAS100,BUY,IN,5.0,30056.7,0.0,0.0,0.0,0.0,332741638,52890970,fxs NDX.INDX:BUY
262131364,332763637,2026-07-01T10:59:52+00:00,1782903592,GER40,BUY,OUT,5.0,25072.4,-678.46,0.0,-1.27,0.0,332028110,52890970,[sl 25072.4]
262136227,332771966,2026-07-01T11:14:11+00:00,1782904451,GER40,SELL,OUT,5.0,25080.9,381.9,0.0,0.0,0.0,332572722,52890970,[tp 25080.9]
262139052,332776105,2026-07-01T11:19:07+00:00,1782904747,SpotCrude,SELL,OUT,5.0,69.643,-487.5,0.0,12.34,0.0,332483552,52890969,[sl 69.643]
262139065,332776118,2026-07-01T11:19:08+00:00,1782904748,SpotCrude,BUY,OUT,5.0,69.622,366.0,0.0,0.0,0.0,332618398,52890969,[tp 69.622]
262163965,332811915,2026-07-01T12:46:00+00:00,1782909960,SpotCrude,SELL,IN,5.0,69.268,0.0,0.0,0.0,0.0,332811915,52890969,fxs-sr USOIL.FOR
262176430,332835651,2026-07-01T13:20:23+00:00,1782912023,NAS100,SELL,OUT,5.0,30136.7,400.0,0.0,0.0,0.0,332741638,52890970,[tp 30136.7]
262220216,332900081,2026-07-01T14:51:32+00:00,1782917492,SpotCrude,BUY,OUT,5.0,69.662,-197.0,0.0,0.0,0.0,332811915,52890969,[sl 69.662]
262225921,332908445,2026-07-01T15:03:04+00:00,1782918184,GER40,BUY,IN,5.0,24993.3,0.0,0.0,0.0,0.0,332908445,52890970,fxs GDAXI.INDX:B
262252540,332944752,2026-07-01T15:42:54+00:00,1782920574,NAS100,BUY,OUT,5.0,29992.2,399.0,0.0,0.0,0.0,332739252,52890971,[tp 29992.2]
262252839,332945142,2026-07-01T15:43:08+00:00,1782920588,NAS100,SELL,IN,5.0,29992.4,0.0,0.0,0.0,0.0,332945142,52890971,fxs NDX.INDX:SEL
262296237,333004628,2026-07-01T16:30:23+00:00,1782923423,NAS100,BUY,IN,5.0,29927.6,0.0,0.0,0.0,0.0,333004628,52890970,fxs NDX.INDX:BUY
262298705,333007877,2026-07-01T16:31:39+00:00,1782923499,NAS100,BUY,OUT,5.0,29912.4,400.0,0.0,0.0,0.0,332945142,52890971,[tp 29912.4]
262299413,333008795,2026-07-01T16:32:03+00:00,1782923523,NAS100,SELL,IN,5.0,29963.2,0.0,0.0,0.0,0.0,333008795,52890971,fxs NDX.INDX:SEL
262300774,333010729,2026-07-01T16:33:04+00:00,1782923584,NAS100,BUY,OUT,5.0,29883.2,400.0,0.0,0.0,0.0,333008795,52890971,[tp 29883.2]
262301470,333011735,2026-07-01T16:33:50+00:00,1782923630,NAS100,SELL,IN,5.0,29870.8,0.0,0.0,0.0,0.0,333011735,52890971,fxs NDX.INDX:SEL
262337106,333056432,2026-07-01T16:51:24+00:00,1782924684,NAS100,BUY,OUT,5.0,29980.8,-550.0,0.0,0.0,0.0,333011735,52890971,[sl 29980.8]
262338748,333058633,2026-07-01T16:53:01+00:00,1782924781,NAS100,SELL,IN,5.0,29988.1,0.0,0.0,0.0,0.0,333058633,52890971,fxs NDX.INDX:SEL
262343459,333065304,2026-07-01T16:59:36+00:00,1782925176,NAS100,SELL,OUT,5.0,30007.6,400.0,0.0,0.0,0.0,333004628,52890970,[tp 30007.6]
262378187,333112904,2026-07-01T17:33:39+00:00,1782927219,NAS100,BUY,IN,5.0,29974.6,0.0,0.0,0.0,0.0,333112904,52890970,fxs NDX.INDX:BUY
262393040,333132289,2026-07-01T17:45:43+00:00,1782927943,NAS100,BUY,OUT,5.0,29908.1,400.0,0.0,0.0,0.0,333058633,52890971,[tp 29908.1]
262393552,333132945,2026-07-01T17:46:04+00:00,1782927964,NAS100,SELL,IN,5.0,29899.8,0.0,0.0,0.0,0.0,333132945,52890971,fxs NDX.INDX:SEL
262407849,333153980,2026-07-01T18:04:08+00:00,1782929048,NAS100,BUY,OUT,5.0,30009.8,-550.0,0.0,0.0,0.0,333132945,52890971,[sl 30009.8]
262407905,333154069,2026-07-01T18:04:15+00:00,1782929055,NAS100,SELL,IN,5.0,30011.4,0.0,0.0,0.0,0.0,333154069,52890971,fxs NDX.INDX:SEL
262415431,333164956,2026-07-01T18:16:46+00:00,1782929806,SpotCrude,SELL,IN,5.0,69.0,0.0,0.0,0.0,0.0,333164956,52890969,fxs-sr USOIL.FOR
262416781,333166857,2026-07-01T18:19:07+00:00,1782929947,NAS100,SELL,OUT,5.0,30054.6,400.0,0.0,0.0,0.0,333112904,52890970,[tp 30054.6]
262417505,333167834,2026-07-01T18:20:32+00:00,1782930032,NAS100,BUY,IN,5.0,30056.4,0.0,0.0,0.0,0.0,333167834,52890970,fxs NDX.INDX:BUY
262422041,333174301,2026-07-01T18:28:08+00:00,1782930488,SpotCrude,BUY,OUT,5.0,68.783,108.5,0.0,0.0,0.0,333164956,52890969,[tp 68.783]
262422374,333174687,2026-07-01T18:28:42+00:00,1782930522,SpotCrude,SELL,IN,5.0,68.808,0.0,0.0,0.0,0.0,333174687,52890969,fxs-v2 FALLBACK_
262422407,333174743,2026-07-01T18:28:50+00:00,1782930530,GER40,SELL,OUT,5.0,25060.3,381.58,0.0,0.0,0.0,332908445,52890970,[tp 25060.3]
262461816,333221893,2026-07-01T19:42:38+00:00,1782934958,NAS100,SELL,OUT,5.0,29946.4,-550.0,0.0,0.0,0.0,333167834,52890970,[sl 29946.4]
262461840,333221918,2026-07-01T19:42:38+00:00,1782934958,NAS100,BUY,IN,5.0,29948.2,0.0,0.0,0.0,0.0,333221918,52890970,fxs NDX.INDX:BUY
262468063,333229245,2026-07-01T19:59:32+00:00,1782935972,NAS100,BUY,OUT,5.0,29931.4,400.0,0.0,0.0,0.0,333154069,52890971,[tp 29931.4]
262468154,333229333,2026-07-01T19:59:53+00:00,1782935993,NAS100,SELL,IN,5.0,29930.3,0.0,0.0,0.0,0.0,333229333,52890971,fxs NDX.INDX:SEL
262501157,333272832,2026-07-01T21:54:46+00:00,1782942886,NAS100,BUY,OUT,5.0,29850.3,400.0,0.0,0.0,0.0,333229333,52890971,[tp 29850.3]
262520919,333297174,2026-07-01T22:57:08+00:00,1782946628,NAS100,SELL,OUT,5.0,29838.2,-550.0,0.0,0.0,0.0,333221918,52890970,[sl 29838.2]
262533496,333315369,2026-07-01T23:41:39+00:00,1782949299,NAS100,SELL,IN,5.0,29793.1,0.0,0.0,0.0,0.0,333315369,52890971,fxs NDX.INDX:SEL
262562817,333358957,2026-07-02T03:03:26+00:00,1782961406,NAS100,BUY,OUT,5.0,29713.1,400.0,0.0,4.68,0.0,333315369,52890971,[tp 29713.1]
262563014,333359198,2026-07-02T03:03:47+00:00,1782961427,NAS100,SELL,IN,5.0,29712.5,0.0,0.0,0.0,0.0,333359198,52890971,fxs NDX.INDX:SEL
262574499,333375228,2026-07-02T03:36:16+00:00,1782963376,NAS100,BUY,OUT,5.0,29822.5,-550.0,0.0,0.0,0.0,333359198,52890971,[sl 29822.5]
262574641,333375412,2026-07-02T03:37:01+00:00,1782963421,NAS100,SELL,IN,5.0,29815.5,0.0,0.0,0.0,0.0,333375412,52890971,fxs NDX.INDX:SEL
262587228,333393024,2026-07-02T04:05:42+00:00,1782965142,NAS100,SELL,IN,5.0,29898.8,0.0,0.0,0.0,0.0,333393024,52890970,fxs NDX.INDX:SEL
262588379,333395226,2026-07-02T04:09:00+00:00,1782965340,NAS100,BUY,OUT,5.0,29925.5,-550.0,0.0,0.0,0.0,333375412,52890971,[sl 29925.5]
262588551,333395527,2026-07-02T04:09:23+00:00,1782965363,NAS100,SELL,IN,5.0,29928.7,0.0,0.0,0.0,0.0,333395527,52890971,fxs NDX.INDX:SEL
262652291,333486556,2026-07-02T07:31:49+00:00,1782977509,NAS100,BUY,OUT,5.0,29848.7,400.0,0.0,0.0,0.0,333395527,52890971,[tp 29848.7]
262652542,333486998,2026-07-02T07:32:22+00:00,1782977542,NAS100,SELL,IN,5.0,29846.0,0.0,0.0,0.0,0.0,333486998,52890971,fxs NDX.INDX:SEL
262654170,333490139,2026-07-02T07:40:17+00:00,1782978017,NAS100,BUY,OUT,5.0,29818.8,400.0,0.0,0.0,0.0,333393024,52890970,[tp 29818.8]
262689539,333540292,2026-07-02T09:04:31+00:00,1782983071,NAS100,BUY,OUT,5.0,29766.0,400.0,0.0,0.0,0.0,333486998,52890971,[tp 29766.0]
262689625,333540405,2026-07-02T09:04:36+00:00,1782983076,NAS100,SELL,IN,5.0,29764.8,0.0,0.0,0.0,0.0,333540405,52890971,fxs NDX.INDX:SEL
262707723,333565569,2026-07-02T09:47:17+00:00,1782985637,NAS100,BUY,OUT,5.0,29684.8,400.0,0.0,0.0,0.0,333540405,52890971,[tp 29684.8]
262708905,333567065,2026-07-02T09:49:15+00:00,1782985755,NAS100,SELL,IN,5.0,29669.7,0.0,0.0,0.0,0.0,333567065,52890971,fxs NDX.INDX:SEL
262722059,333584214,2026-07-02T10:12:45+00:00,1782987165,NAS100,BUY,OUT,5.0,29589.7,400.0,0.0,0.0,0.0,333567065,52890971,[tp 29589.7]
262722669,333585003,2026-07-02T10:14:01+00:00,1782987241,NAS100,SELL,IN,5.0,29588.8,0.0,0.0,0.0,0.0,333585003,52890971,fxs NDX.INDX:SEL
262729796,333594120,2026-07-02T10:31:25+00:00,1782988285,SpotCrude,SELL,IN,5.0,68.581,0.0,0.0,0.0,0.0,333594120,52890970,fxs USOIL.FOREX:
262756153,333629370,2026-07-02T11:31:30+00:00,1782991890,NAS100,BUY,OUT,5.0,29698.8,-550.0,0.0,0.0,0.0,333585003,52890971,[sl 29698.8]
262756583,333630074,2026-07-02T11:32:36+00:00,1782991956,NAS100,SELL,IN,5.0,29716.3,0.0,0.0,0.0,0.0,333630074,52890971,fxs NDX.INDX:SEL
262818747,333721053,2026-07-02T14:22:54+00:00,1783002174,SpotCrude,BUY,OUT,5.0,67.868,356.5,0.0,0.0,0.0,333594120,52890970,[tp 67.868]
262828943,333736020,2026-07-02T14:52:22+00:00,1783003942,NAS100,BUY,OUT,5.0,29826.3,-550.0,0.0,0.0,0.0,333630074,52890971,[sl 29826.3]
262828956,333736040,2026-07-02T14:52:29+00:00,1783003949,NAS100,SELL,IN,5.0,29819.3,0.0,0.0,0.0,0.0,333736040,52890971,fxs NDX.INDX:SEL
262846831,333762402,2026-07-02T15:29:57+00:00,1783006197,NAS100,BUY,OUT,5.0,29929.3,-550.0,0.0,0.0,0.0,333736040,52890971,[sl 29929.3]
262851501,333767362,2026-07-02T15:30:22+00:00,1783006222,NAS100,SELL,IN,5.0,29972.6,0.0,0.0,0.0,0.0,333767362,52890971,fxs NDX.INDX:SEL
262893570,333819106,2026-07-02T16:01:12+00:00,1783008072,NAS100,BUY,OUT,5.0,29892.6,400.0,0.0,0.0,0.0,333767362,52890971,[tp 29892.6]
262895999,333821951,2026-07-02T16:02:46+00:00,1783008166,NAS100,SELL,IN,5.0,29920.3,0.0,0.0,0.0,0.0,333821951,52890971,fxs NDX.INDX:SEL
262919323,333850535,2026-07-02T16:28:59+00:00,1783009739,NAS100,BUY,OUT,5.0,29840.3,400.0,0.0,0.0,0.0,333821951,52890971,[tp 29840.3]
262919527,333850768,2026-07-02T16:29:13+00:00,1783009753,NAS100,SELL,IN,5.0,29836.3,0.0,0.0,0.0,0.0,333850768,52890971,fxs NDX.INDX:SEL
262951628,333889239,2026-07-02T16:49:17+00:00,1783010957,NAS100,BUY,OUT,5.0,29946.3,-550.0,0.0,0.0,0.0,333850768,52890971,[sl 29946.3]
262952993,333891018,2026-07-02T16:50:08+00:00,1783011008,NAS100,SELL,IN,5.0,29932.7,0.0,0.0,0.0,0.0,333891018,52890971,fxs NDX.INDX:SEL
262958265,333897658,2026-07-02T16:54:31+00:00,1783011271,SpotCrude,BUY,IN,5.0,68.37,0.0,0.0,0.0,0.0,333897658,52890969,fxs-sr USOIL.FOR
262986252,333932724,2026-07-02T17:21:27+00:00,1783012887,NAS100,BUY,OUT,5.0,29851.7,405.0,0.0,0.0,0.0,333891018,52890971,[tp 29851.7]
262987231,333933930,2026-07-02T17:22:13+00:00,1783012933,NAS100,SELL,IN,5.0,29859.7,0.0,0.0,0.0,0.0,333933930,52890971,fxs NDX.INDX:SEL
262991433,333939117,2026-07-02T17:27:01+00:00,1783013221,NAS100,BUY,OUT,5.0,29779.7,400.0,0.0,0.0,0.0,333933930,52890971,[tp 29779.7]
262992813,333940664,2026-07-02T17:27:42+00:00,1783013262,NAS100,SELL,IN,5.0,29715.5,0.0,0.0,0.0,0.0,333940664,52890971,fxs NDX.INDX:SEL
263004129,333954031,2026-07-02T17:35:15+00:00,1783013715,NAS100,BUY,OUT,5.0,29635.5,400.0,0.0,0.0,0.0,333940664,52890971,[tp 29635.5]
263005103,333955201,2026-07-02T17:36:06+00:00,1783013766,NAS100,SELL,IN,5.0,29651.8,0.0,0.0,0.0,0.0,333955201,52890971,fxs NDX.INDX:SEL
263010262,333961693,2026-07-02T17:42:08+00:00,1783014128,NAS100,BUY,OUT,5.0,29571.8,400.0,0.0,0.0,0.0,333955201,52890971,[tp 29571.8]
263011341,333963007,2026-07-02T17:43:08+00:00,1783014188,NAS100,SELL,IN,5.0,29540.5,0.0,0.0,0.0,0.0,333963007,52890971,fxs NDX.INDX:SEL
263030369,333986559,2026-07-02T18:05:36+00:00,1783015536,NAS100,BUY,OUT,5.0,29460.5,400.0,0.0,0.0,0.0,333963007,52890971,[tp 29460.5]
263031717,333988231,2026-07-02T18:06:50+00:00,1783015610,NAS100,SELL,IN,5.0,29420.2,0.0,0.0,0.0,0.0,333988231,52890971,fxs NDX.INDX:SEL
263051994,334015060,2026-07-02T18:35:20+00:00,1783017320,NAS100,BUY,OUT,5.0,29530.2,-550.0,0.0,0.0,0.0,333988231,52890971,[sl 29530.2]
263052374,334015525,2026-07-02T18:36:12+00:00,1783017372,NAS100,SELL,IN,5.0,29533.3,0.0,0.0,0.0,0.0,334015525,52890971,fxs NDX.INDX:SEL
263057736,334022423,2026-07-02T18:49:23+00:00,1783018163,NAS100,BUY,OUT,5.0,29453.3,400.0,0.0,0.0,0.0,334015525,52890971,[tp 29453.3]
263058291,334023069,2026-07-02T18:50:08+00:00,1783018208,NAS100,SELL,IN,5.0,29435.7,0.0,0.0,0.0,0.0,334023069,52890971,fxs NDX.INDX:SEL
263063836,334030343,2026-07-02T19:02:46+00:00,1783018966,NAS100,BUY,OUT,5.0,29356.2,397.5,0.0,0.0,0.0,334023069,52890971,[tp 29356.2]
263064492,334031256,2026-07-02T19:03:46+00:00,1783019026,NAS100,SELL,IN,5.0,29369.6,0.0,0.0,0.0,0.0,334031256,52890971,fxs NDX.INDX:SEL
263077263,334048389,2026-07-02T19:30:33+00:00,1783020633,NAS100,BUY,OUT,5.0,29289.6,400.0,0.0,0.0,0.0,334031256,52890971,[tp 29289.6]
263078448,334049936,2026-07-02T19:31:34+00:00,1783020694,NAS100,SELL,IN,5.0,29286.3,0.0,0.0,0.0,0.0,334049936,52890971,fxs NDX.INDX:SEL
263083272,334055816,2026-07-02T19:37:49+00:00,1783021069,NAS100,BUY,OUT,5.0,29206.3,400.0,0.0,0.0,0.0,334049936,52890971,[tp 29206.3]
263083749,334056435,2026-07-02T19:38:30+00:00,1783021110,NAS100,SELL,IN,5.0,29211.6,0.0,0.0,0.0,0.0,334056435,52890971,fxs NDX.INDX:SEL
263109737,334088360,2026-07-02T20:38:31+00:00,1783024711,NAS100,BUY,OUT,5.0,29131.6,400.0,0.0,0.0,0.0,334056435,52890971,[tp 29131.6]
263110167,334088872,2026-07-02T20:39:30+00:00,1783024770,NAS100,SELL,IN,5.0,29130.3,0.0,0.0,0.0,0.0,334088872,52890971,fxs NDX.INDX:SEL
263123028,334104700,2026-07-02T21:10:14+00:00,1783026614,NAS100,BUY,OUT,5.0,29240.3,-550.0,0.0,0.0,0.0,334088872,52890971,[sl 29240.3]
263123068,334104742,2026-07-02T21:10:22+00:00,1783026622,NAS100,SELL,IN,5.0,29248.7,0.0,0.0,0.0,0.0,334104742,52890971,fxs NDX.INDX:SEL
263125247,334107900,2026-07-02T21:16:44+00:00,1783027004,SpotCrude,SELL,OUT,5.0,69.081,355.5,0.0,0.0,0.0,333897658,52890969,[tp 69.081]
263125756,334108476,2026-07-02T21:17:57+00:00,1783027077,NAS100,BUY,OUT,5.0,29168.7,400.0,0.0,0.0,0.0,334104742,52890971,[tp 29168.7]
263126556,334109357,2026-07-02T21:19:15+00:00,1783027155,NAS100,SELL,IN,5.0,29178.3,0.0,0.0,0.0,0.0,334109357,52890971,fxs NDX.INDX:SEL
263142384,334125698,2026-07-02T22:08:00+00:00,1783030080,SpotCrude,BUY,IN,5.0,69.004,0.0,0.0,0.0,0.0,334125698,52890969,fxs-sr USOIL.FOR
263149981,334136450,2026-07-02T22:26:12+00:00,1783031172,NAS100,BUY,OUT,5.0,29098.2,400.5,0.0,0.0,0.0,334109357,52890971,[tp 29098.2]
263150613,334137155,2026-07-02T22:27:20+00:00,1783031240,NAS100,SELL,IN,5.0,29131.5,0.0,0.0,0.0,0.0,334137155,52890971,fxs NDX.INDX:SEL
263159899,334147633,2026-07-02T22:50:00+00:00,1783032600,NAS100,BUY,OUT,5.0,29242.6,-555.5,0.0,0.0,0.0,334137155,52890971,[sl 29242.6]
263160192,334147970,2026-07-02T22:50:06+00:00,1783032606,NAS100,SELL,IN,5.0,29252.8,0.0,0.0,0.0,0.0,334147970,52890971,fxs NDX.INDX:SEL
263160899,334148864,2026-07-02T22:51:27+00:00,1783032687,SpotCrude,SELL,IN,5.0,68.961,0.0,0.0,0.0,0.0,334148864,52890970,fxs USOIL.FOREX:
263186100,334182849,2026-07-03T01:39:44+00:00,1783042784,NAS100,BUY,OUT,5.0,29366.0,-566.0,0.0,4.6,0.0,334147970,52890971,[sl 29366.0]
263186264,334183098,2026-07-03T01:40:53+00:00,1783042853,NAS100,SELL,IN,5.0,29364.9,0.0,0.0,0.0,0.0,334183098,52890971,fxs NDX.INDX:SEL
263231809,334245226,2026-07-03T03:46:05+00:00,1783050365,NAS100,BUY,OUT,5.0,29284.9,400.0,0.0,0.0,0.0,334183098,52890971,[tp 29284.9]
263241718,334257321,2026-07-03T04:01:39+00:00,1783051299,NAS100,SELL,IN,5.0,29299.3,0.0,0.0,0.0,0.0,334257321,52890971,fxs NDX.INDX:SEL
263245765,334262164,2026-07-03T04:05:38+00:00,1783051538,NAS100,BUY,OUT,5.0,29409.3,-550.0,0.0,0.0,0.0,334257321,52890971,[sl 29409.3]
263245873,334262282,2026-07-03T04:05:47+00:00,1783051547,NAS100,SELL,IN,5.0,29409.7,0.0,0.0,0.0,0.0,334262282,52890971,fxs NDX.INDX:SEL
263271898,334295687,2026-07-03T04:48:18+00:00,1783054098,SpotCrude,BUY,OUT,5.0,69.419,-305.5,0.0,-29.89,0.0,333174687,52890969,[sl 69.419]
263297155,334332735,2026-07-03T06:30:05+00:00,1783060205,NAS100,BUY,OUT,5.0,29519.7,-550.0,0.0,0.0,0.0,334262282,52890971,[sl 29519.7]
263335552,334389206,2026-07-03T09:01:32+00:00,1783069292,SpotCrude,SELL,OUT,5.0,69.721,358.5,0.0,12.34,0.0,334125698,52890969,[tp 69.721]
263338334,334390074,2026-07-03T09:05:38+00:00,1783069538,SpotCrude,BUY,IN,5.0,69.658,0.0,0.0,0.0,0.0,334390074,52890969,fxs-sr USOIL.FOR
263366019,334430407,2026-07-03T10:26:20+00:00,1783074380,SpotCrude,SELL,OUT,5.0,69.05,-304.0,0.0,0.0,0.0,334390074,52890969,[sl 69.050]
263717044,334873802,2026-07-06T01:09:20+00:00,1783300160,SpotCrude,BUY,IN,5.0,68.937,0.0,0.0,0.0,0.0,334873802,52890969,fxs-sr USOIL.FOR
263759758,334918285,2026-07-06T03:04:23+00:00,1783307063,SpotCrude,SELL,IN,5.0,68.734,0.0,0.0,0.0,0.0,334918285,52890969,fxs-sr USOIL.FOR
263916771,335124093,2026-07-06T09:08:42+00:00,1783328922,NAS100,SELL,IN,5.0,29543.5,0.0,0.0,0.0,0.0,335124093,0,
263920868,335130068,2026-07-06T09:20:20+00:00,1783329620,NAS100,BUY,OUT,5.0,29520.3,116.0,0.0,0.0,0.0,335124093,0,
263920873,335130086,2026-07-06T09:20:26+00:00,1783329626,NAS100,BUY,IN,5.0,29518.8,0.0,0.0,0.0,0.0,335130086,0,
263955082,335172610,2026-07-06T10:44:11+00:00,1783334651,SpotCrude,SELL,OUT,5.0,68.545,-196.0,0.0,0.0,0.0,334873802,52890969,[sl 68.545]
264156257,335427157,2026-07-06T17:48:57+00:00,1783360137,SpotCrude,BUY,IN,5.0,69.355,0.0,0.0,0.0,0.0,335427157,52890969,fxs-sr USOIL.FOR
264261557,335565307,2026-07-06T21:58:21+00:00,1783375101,XAUUSD,BUY,IN,2.0,4164.22,0.0,0.0,0.0,0.0,335565307,0,
264311272,335627896,2026-07-07T02:18:48+00:00,1783390728,NAS100,SELL,OUT,5.0,29647.3,642.5,0.0,-25.3,0.0,335130086,0,
264359512,335684607,2026-07-07T04:14:15+00:00,1783397655,NAS100,BUY,IN,5.0,29573.2,0.0,0.0,0.0,0.0,335684607,52890970,fxs NDX.INDX:BUY
264415861,335756347,2026-07-07T06:28:37+00:00,1783405717,NAS100,SELL,OUT,5.0,29463.2,-550.0,0.0,0.0,0.0,335684607,52890970,[sl 29463.2]
264415937,335756432,2026-07-07T06:28:43+00:00,1783405723,NAS100,BUY,IN,5.0,29463.2,0.0,0.0,0.0,0.0,335756432,52890970,fxs NDX.INDX:BUY
264448461,335799426,2026-07-07T08:09:24+00:00,1783411764,NAS100,SELL,OUT,5.0,29353.2,-550.0,0.0,0.0,0.0,335756432,52890970,[sl 29353.2]
264448498,335799471,2026-07-07T08:09:35+00:00,1783411775,NAS100,BUY,IN,5.0,29356.0,0.0,0.0,0.0,0.0,335799471,52890970,fxs NDX.INDX:BUY
264466834,335822277,2026-07-07T08:51:05+00:00,1783414265,NAS100,SELL,OUT,5.0,29436.0,400.0,0.0,0.0,0.0,335799471,52890970,[tp 29436.0]
264467013,335822496,2026-07-07T08:51:50+00:00,1783414310,NAS100,BUY,IN,5.0,29443.8,0.0,0.0,0.0,0.0,335822496,52890970,fxs NDX.INDX:BUY
264488721,335852212,2026-07-07T10:00:10+00:00,1783418410,SpotCrude,BUY,OUT,5.0,69.897,-581.5,0.0,-14.97,0.0,334918285,52890969,[sl 69.897]
264501329,335867329,2026-07-07T10:32:03+00:00,1783420323,SpotCrude,BUY,OUT,5.0,69.989,-514.0,0.0,-74.74,0.0,334148864,52890970,[sl 69.989]
264534452,335907101,2026-07-07T11:52:45+00:00,1783425165,SpotCrude,SELL,IN,5.0,69.895,0.0,0.0,0.0,0.0,335907101,52890969,fxs-sr USOIL.FOR
264536873,335912733,2026-07-07T11:56:02+00:00,1783425362,SpotCrude,BUY,OUT,5.0,69.734,80.5,0.0,0.0,0.0,335907101,52890969,[tp 69.734]
264538645,335914318,2026-07-07T11:59:28+00:00,1783425568,SpotCrude,SELL,IN,5.0,69.736,0.0,0.0,0.0,0.0,335914318,52890969,fxs-sr USOIL.FOR
264542745,335919612,2026-07-07T12:10:25+00:00,1783426225,SpotCrude,SELL,OUT,5.0,70.077,361.0,0.0,12.34,0.0,335427157,52890969,[tp 70.077]
264548036,335921848,2026-07-07T12:27:21+00:00,1783427241,SpotCrude,BUY,IN,5.0,69.733,0.0,0.0,0.0,0.0,335921848,52890969,fxs-sr USOIL.FOR
264678648,336085157,2026-07-07T16:22:21+00:00,1783441341,SpotCrude,SELL,OUT,5.0,69.894,80.5,0.0,0.0,0.0,335921848,52890969,[tp 69.894]
264687979,336096057,2026-07-07T16:33:20+00:00,1783442000,NAS100,SELL,OUT,5.0,29333.8,-550.0,0.0,0.0,0.0,335822496,52890970,[sl 29333.8]
264689764,336098050,2026-07-07T16:35:14+00:00,1783442114,NAS100,BUY,IN,5.0,29281.5,0.0,0.0,0.0,0.0,336098050,52890970,fxs NDX.INDX:BUY
264689826,336098117,2026-07-07T16:35:18+00:00,1783442118,NAS100,SELL,IN,5.0,29287.7,0.0,0.0,0.0,0.0,336098117,52890971,fxs NDX.INDX:SEL
264702547,336112191,2026-07-07T16:43:31+00:00,1783442611,NAS100,SELL,OUT,5.0,29361.5,400.0,0.0,0.0,0.0,336098050,52890970,[tp 29361.5]
264715098,336126613,2026-07-07T16:55:23+00:00,1783443323,NAS100,BUY,OUT,5.0,29207.7,400.0,0.0,0.0,0.0,336098117,52890971,[tp 29207.7]
264715814,336127378,2026-07-07T16:55:54+00:00,1783443354,NAS100,SELL,IN,5.0,29194.2,0.0,0.0,0.0,0.0,336127378,52890971,fxs NDX.INDX:SEL
264724783,336137844,2026-07-07T17:02:01+00:00,1783443721,SpotCrude,BUY,OUT,5.0,70.476,-370.0,0.0,0.0,0.0,335914318,52890969,[sl 70.476]
264738521,336153680,2026-07-07T17:14:38+00:00,1783444478,NAS100,BUY,OUT,5.0,29114.2,400.0,0.0,0.0,0.0,336127378,52890971,[tp 29114.2]
264739423,336154728,2026-07-07T17:15:12+00:00,1783444512,NAS100,SELL,IN,5.0,29098.2,0.0,0.0,0.0,0.0,336154728,52890971,fxs NDX.INDX:SEL
264748483,336166283,2026-07-07T17:25:53+00:00,1783445153,SpotCrude,BUY,IN,5.0,70.558,0.0,0.0,0.0,0.0,336166283,52890969,fxs-v2 EXECUTE_N
264750875,336169158,2026-07-07T17:29:04+00:00,1783445344,SpotCrude,SELL,OUT,5.0,70.609,25.5,0.0,0.0,0.0,336166283,52890969,[tp 70.609]
264757243,336177277,2026-07-07T17:35:31+00:00,1783445731,NAS100,BUY,OUT,5.0,29018.1,400.5,0.0,0.0,0.0,336154728,52890971,[tp 29018.1]
264758380,336178597,2026-07-07T17:36:41+00:00,1783445801,NAS100,SELL,IN,5.0,29031.1,0.0,0.0,0.0,0.0,336178597,52890971,fxs NDX.INDX:SEL
264768271,336189291,2026-07-07T17:47:03+00:00,1783446423,SpotCrude,BUY,IN,5.0,70.398,0.0,0.0,0.0,0.0,336189291,52890969,fxs-sr USOIL.FOR
264773511,336197381,2026-07-07T17:55:46+00:00,1783446946,SpotCrude,SELL,OUT,5.0,70.584,93.0,0.0,0.0,0.0,336189291,52890969,[tp 70.584]
264779377,336204819,2026-07-07T18:04:51+00:00,1783447491,SpotCrude,BUY,IN,5.0,70.588,0.0,0.0,0.0,0.0,336204819,52890969,fxs-v2 EXECUTE_N
264784426,336211154,2026-07-07T18:13:26+00:00,1783448006,SpotCrude,SELL,OUT,5.0,70.699,55.5,0.0,0.0,0.0,336204819,52890969,[tp 70.699]
264784814,336211647,2026-07-07T18:14:12+00:00,1783448052,SpotCrude,BUY,IN,5.0,70.718,0.0,0.0,0.0,0.0,336211647,52890969,fxs-v2 LIMIT_ORD
264806415,336238115,2026-07-07T18:49:54+00:00,1783450194,SpotCrude,SELL,OUT,5.0,70.909,95.5,0.0,0.0,0.0,336211647,52890969,[tp 70.909]
264808566,336240715,2026-07-07T18:52:51+00:00,1783450371,NAS100,BUY,OUT,5.0,29141.1,-550.0,0.0,0.0,0.0,336178597,52890971,[sl 29141.1]
264808635,336240789,2026-07-07T18:52:57+00:00,1783450377,NAS100,SELL,IN,5.0,29138.1,0.0,0.0,0.0,0.0,336240789,52890971,fxs NDX.INDX:SEL
264823521,336261241,2026-07-07T19:20:06+00:00,1783452006,NAS100,BUY,OUT,5.0,29248.5,-552.0,0.0,0.0,0.0,336240789,52890971,[sl 29248.5]
264826262,336265416,2026-07-07T19:26:11+00:00,1783452371,NAS100,SELL,IN,5.0,29288.8,0.0,0.0,0.0,0.0,336265416,52890971,fxs NDX.INDX:SEL
264829429,336268147,2026-07-07T19:36:14+00:00,1783452974,NAS100,BUY,IN,5.0,29264.7,0.0,0.0,0.0,0.0,336268147,52890969,fxs-sr NDX.INDX:
264832019,336272685,2026-07-07T19:45:05+00:00,1783453505,NAS100,SELL,OUT,5.0,29295.1,152.0,0.0,0.0,0.0,336268147,52890969,[tp 29295.1]
264857873,336303209,2026-07-07T21:00:05+00:00,1783458005,SpotCrude,BUY,IN,5.0,70.809,0.0,0.0,0.0,0.0,336303209,52890969,fxs-sr USOIL.FOR
264875684,336326178,2026-07-07T21:49:16+00:00,1783460956,NAS100,BUY,OUT,5.0,29208.7,400.5,0.0,0.0,0.0,336265416,52890971,[tp 29208.7]
264876641,336327213,2026-07-07T21:49:25+00:00,1783460965,NAS100,SELL,IN,5.0,29189.5,0.0,0.0,0.0,0.0,336327213,52890971,fxs NDX.INDX:SEL
264879947,336331119,2026-07-07T21:52:46+00:00,1783461166,SpotCrude,SELL,OUT,5.0,71.546,368.5,0.0,0.0,0.0,336303209,52890969,[tp 71.546]
264894278,336350072,2026-07-07T22:08:41+00:00,1783462121,NAS100,BUY,OUT,5.0,29109.5,400.0,0.0,0.0,0.0,336327213,52890971,[tp 29109.5]
264903207,336360662,2026-07-07T22:17:10+00:00,1783462630,NAS100,SELL,IN,5.0,29066.1,0.0,0.0,0.0,0.0,336360662,52890971,fxs NDX.INDX:SEL
264920586,336382476,2026-07-07T22:50:50+00:00,1783464650,SpotCrude,BUY,IN,5.0,72.328,0.0,0.0,0.0,0.0,336382476,52890969,fxs-v2 EXECUTE_N
264923954,336387040,2026-07-07T23:00:52+00:00,1783465252,NAS100,BUY,OUT,5.0,29176.1,-550.0,0.0,0.0,0.0,336360662,52890971,[sl 29176.1]
264924031,336387132,2026-07-07T23:01:05+00:00,1783465265,NAS100,SELL,IN,5.0,29165.7,0.0,0.0,0.0,0.0,336387132,52890971,fxs NDX.INDX:SEL
264929784,336395870,2026-07-07T23:30:37+00:00,1783467037,SpotCrude,SELL,IN,5.0,72.494,0.0,0.0,0.0,0.0,336395870,52890970,fxs USOIL.FOREX:
264938380,336406641,2026-07-08T01:00:21+00:00,1783472421,SpotCrude,SELL,OUT,5.0,72.698,185.0,0.0,12.34,0.0,336382476,52890969,[tp 72.698]
264973612,336458286,2026-07-08T02:53:47+00:00,1783479227,NAS100,BUY,OUT,5.0,29085.7,400.0,0.0,4.62,0.0,336387132,52890971,[tp 29085.7]
264973982,336458767,2026-07-08T02:54:27+00:00,1783479267,NAS100,SELL,IN,5.0,29085.0,0.0,0.0,0.0,0.0,336458767,52890971,fxs NDX.INDX:SEL
264982803,336470210,2026-07-08T03:15:05+00:00,1783480505,NAS100,BUY,OUT,5.0,29195.0,-550.0,0.0,0.0,0.0,336458767,52890971,[sl 29195.0]
264983241,336470872,2026-07-08T03:16:08+00:00,1783480568,NAS100,SELL,IN,5.0,29193.4,0.0,0.0,0.0,0.0,336470872,52890971,fxs NDX.INDX:SEL
264999905,336516162,2026-07-08T03:45:55+00:00,1783482355,NAS100,BUY,OUT,5.0,29303.4,-550.0,0.0,0.0,0.0,336470872,52890971,[sl 29303.4]
265000433,336516988,2026-07-08T03:46:43+00:00,1783482403,NAS100,SELL,IN,5.0,29293.5,0.0,0.0,0.0,0.0,336516988,52890971,fxs NDX.INDX:SEL
265029332,336597470,2026-07-08T04:36:55+00:00,1783485415,NAS100,BUY,OUT,5.0,29212.8,403.5,0.0,0.0,0.0,336516988,52890971,[tp 29212.8]
265029700,336597927,2026-07-08T04:37:15+00:00,1783485435,NAS100,SELL,IN,5.0,29216.8,0.0,0.0,0.0,0.0,336597927,52890971,fxs NDX.INDX:SEL
265042623,336612055,2026-07-08T05:05:43+00:00,1783487143,SpotCrude,SELL,IN,5.0,72.512,0.0,0.0,0.0,0.0,336612055,52890969,fxs-sr USOIL.FOR
265109126,336738741,2026-07-08T08:21:04+00:00,1783498864,SpotCrude,BUY,OUT,5.0,73.179,-333.5,0.0,0.0,0.0,336612055,52890969,[sl 73.179]
265112589,336743630,2026-07-08T08:31:05+00:00,1783499465,NAS100,BUY,OUT,5.0,29136.8,400.0,0.0,0.0,0.0,336597927,52890971,[tp 29136.8]
265112620,336743675,2026-07-08T08:31:17+00:00,1783499477,NAS100,SELL,IN,5.0,29134.7,0.0,0.0,0.0,0.0,336743675,52890971,fxs NDX.INDX:SEL
265117027,336736854,2026-07-08T08:42:15+00:00,1783500135,SpotCrude,BUY,IN,5.0,72.797,0.0,0.0,0.0,0.0,336736854,52890969,fxs-sr USOIL.FOR
265136204,336775040,2026-07-08T09:45:24+00:00,1783503924,NAS100,BUY,OUT,5.0,29054.7,400.0,0.0,0.0,0.0,336743675,52890971,[tp 29054.7]
265136373,336775281,2026-07-08T09:46:16+00:00,1783503976,NAS100,SELL,IN,5.0,29054.0,0.0,0.0,0.0,0.0,336775281,52890971,fxs NDX.INDX:SEL
265156996,336800781,2026-07-08T10:34:53+00:00,1783506893,NAS100,BUY,OUT,5.0,29164.0,-550.0,0.0,0.0,0.0,336775281,52890971,[sl 29164.0]
265157242,336801120,2026-07-08T10:35:22+00:00,1783506922,NAS100,SELL,IN,5.0,29170.4,0.0,0.0,0.0,0.0,336801120,52890971,fxs NDX.INDX:SEL
265160878,336805590,2026-07-08T10:44:06+00:00,1783507446,SpotCrude,SELL,OUT,5.0,72.211,-293.0,0.0,0.0,0.0,336736854,52890969,[sl 72.211]
265176039,336828430,2026-07-08T11:16:55+00:00,1783509415,NAS100,BUY,OUT,5.0,29090.4,400.0,0.0,0.0,0.0,336801120,52890971,[tp 29090.4]
265176764,336829542,2026-07-08T11:17:00+00:00,1783509420,NAS100,SELL,IN,5.0,29087.4,0.0,0.0,0.0,0.0,336829542,52890971,fxs NDX.INDX:SEL
265177789,336832053,2026-07-08T11:17:14+00:00,1783509434,SpotCrude,BUY,OUT,5.0,73.574,-540.0,0.0,-14.97,0.0,336395870,52890970,[sl 73.574]
265189987,336853918,2026-07-08T11:21:25+00:00,1783509685,NAS100,BUY,OUT,5.0,28998.4,445.0,0.0,0.0,0.0,336829542,52890971,[tp 28998.4]
265190222,336854405,2026-07-08T11:21:49+00:00,1783509709,NAS100,SELL,IN,5.0,29011.1,0.0,0.0,0.0,0.0,336854405,52890971,fxs NDX.INDX:SEL
265193090,336858581,2026-07-08T11:24:08+00:00,1783509848,NAS100,BUY,OUT,5.0,28930.4,403.5,0.0,0.0,0.0,336854405,52890971,[tp 28930.4]
265193326,336858928,2026-07-08T11:24:24+00:00,1783509864,NAS100,SELL,IN,5.0,28911.8,0.0,0.0,0.0,0.0,336858928,52890971,fxs NDX.INDX:SEL
265199224,336866200,2026-07-08T11:30:04+00:00,1783510204,NAS100,BUY,OUT,5.0,28831.8,400.0,0.0,0.0,0.0,336858928,52890971,[tp 28831.8]
265199874,336866966,2026-07-08T11:30:34+00:00,1783510234,NAS100,SELL,IN,5.0,28825.4,0.0,0.0,0.0,0.0,336866966,52890971,fxs NDX.INDX:SEL
265211463,336879742,2026-07-08T11:39:57+00:00,1783510797,NAS100,BUY,OUT,5.0,28745.4,400.0,0.0,0.0,0.0,336866966,52890971,[tp 28745.4]
265211583,336879903,2026-07-08T11:40:00+00:00,1783510800,NAS100,SELL,IN,5.0,28747.4,0.0,0.0,0.0,0.0,336879903,52890971,fxs NDX.INDX:SEL
265226311,336921762,2026-07-08T11:53:16+00:00,1783511596,NAS100,BUY,OUT,5.0,28857.4,-550.0,0.0,0.0,0.0,336879903,52890971,[sl 28857.4]
265227039,336924002,2026-07-08T11:54:24+00:00,1783511664,NAS100,SELL,IN,5.0,28848.1,0.0,0.0,0.0,0.0,336924002,52890971,fxs NDX.INDX:SEL
265234244,336948030,2026-07-08T12:00:04+00:00,1783512004,NAS100,BUY,OUT,5.0,28768.1,400.0,0.0,0.0,0.0,336924002,52890971,[tp 28768.1]
265235019,336950846,2026-07-08T12:00:27+00:00,1783512027,NAS100,SELL,IN,5.0,28768.3,0.0,0.0,0.0,0.0,336950846,52890971,fxs NDX.INDX:SEL
265244916,336969496,2026-07-08T12:14:25+00:00,1783512865,NAS100,BUY,OUT,5.0,28688.3,400.0,0.0,0.0,0.0,336950846,52890971,[tp 28688.3]
265245327,336970034,2026-07-08T12:15:02+00:00,1783512902,NAS100,SELL,IN,5.0,28684.3,0.0,0.0,0.0,0.0,336970034,52890971,fxs NDX.INDX:SEL
265248216,336973439,2026-07-08T12:18:39+00:00,1783513119,NAS100,BUY,IN,5.0,28691.6,0.0,0.0,0.0,0.0,336973439,52890971,fxs NDX.INDX:BUY
265257728,336994395,2026-07-08T12:36:07+00:00,1783514167,NAS100,SELL,OUT,5.0,28771.6,400.0,0.0,0.0,0.0,336973439,52890971,[tp 28771.6]
265258014,336995574,2026-07-08T12:36:51+00:00,1783514211,NAS100,BUY,IN,5.0,28772.9,0.0,0.0,0.0,0.0,336995574,52890971,fxs NDX.INDX:BUY
265265677,337008125,2026-07-08T12:50:46+00:00,1783515046,SpotCrude,BUY,IN,5.0,75.0,0.0,0.0,0.0,0.0,337008125,52890969,fxs-sr USOIL.FOR
265267291,337013488,2026-07-08T12:55:40+00:00,1783515340,SpotCrude,SELL,OUT,5.0,75.227,113.5,0.0,0.0,0.0,337008125,52890969,[tp 75.227]
265283018,337047734,2026-07-08T13:28:35+00:00,1783517315,SpotCrude,BUY,IN,5.0,74.783,0.0,0.0,0.0,0.0,337047734,52890969,fxs-sr USOIL.FOR
265284102,337051759,2026-07-08T13:31:50+00:00,1783517510,NAS100,BUY,OUT,5.0,28795.4,-555.5,0.0,0.0,0.0,336970034,52890971,[sl 28795.4]
265284338,337052819,2026-07-08T13:32:01+00:00,1783517521,NAS100,SELL,IN,5.0,28795.3,0.0,0.0,0.0,0.0,337052819,52890971,fxs NDX.INDX:SEL
265317482,337103033,2026-07-08T14:43:45+00:00,1783521825,NAS100,SELL,OUT,5.0,28852.9,400.0,0.0,0.0,0.0,336995574,52890971,[tp 28852.9]
265335962,337153270,2026-07-08T15:05:50+00:00,1783523150,NAS100,BUY,OUT,5.0,28905.3,-550.0,0.0,0.0,0.0,337052819,52890971,[sl 28905.3]
265336432,337154025,2026-07-08T15:06:35+00:00,1783523195,NAS100,SELL,IN,5.0,28903.5,0.0,0.0,0.0,0.0,337154025,52890971,fxs NDX.INDX:SEL
265356555,337186329,2026-07-08T15:42:34+00:00,1783525354,SpotCrude,SELL,OUT,5.0,73.59,-596.5,0.0,0.0,0.0,337047734,52890969,[sl 73.590]
265359658,337183216,2026-07-08T15:46:43+00:00,1783525603,SpotCrude,SELL,IN,5.0,73.895,0.0,0.0,0.0,0.0,337183216,52890969,fxs-sr USOIL.FOR
265362668,337195150,2026-07-08T15:51:09+00:00,1783525869,SpotCrude,BUY,OUT,5.0,73.69,102.5,0.0,0.0,0.0,337183216,52890969,[tp 73.690]
265366364,337202773,2026-07-08T15:56:26+00:00,1783526186,SpotCrude,SELL,IN,5.0,73.615,0.0,0.0,0.0,0.0,337202773,52890969,fxs-sr USOIL.FOR
265367184,337204189,2026-07-08T15:56:37+00:00,1783526197,SpotCrude,BUY,OUT,5.0,73.961,-173.0,0.0,0.0,0.0,337202773,52890969,[sl 73.961]
265372748,337211483,2026-07-08T16:00:14+00:00,1783526414,SpotCrude,SELL,IN,5.0,74.23,0.0,0.0,0.0,0.0,337211483,52890969,fxs-sr USOIL.FOR
265380311,337234422,2026-07-08T16:07:52+00:00,1783526872,SpotCrude,BUY,OUT,5.0,74.454,-112.0,0.0,0.0,0.0,337211483,52890969,[sl 74.454]
265381067,337236323,2026-07-08T16:08:22+00:00,1783526902,SpotCrude,SELL,IN,5.0,74.358,0.0,0.0,0.0,0.0,337236323,52890969,fxs-sr USOIL.FOR
265385131,337245113,2026-07-08T16:13:18+00:00,1783527198,SpotCrude,BUY,OUT,5.0,74.007,175.5,0.0,0.0,0.0,337236323,52890969,[tp 74.007]
265401133,337272212,2026-07-08T16:30:01+00:00,1783528201,NAS100,BUY,OUT,5.0,29013.5,-550.0,0.0,0.0,0.0,337154025,52890971,[sl 29013.5]
265401572,337272705,2026-07-08T16:30:06+00:00,1783528206,NAS100,SELL,IN,5.0,28980.4,0.0,0.0,0.0,0.0,337272705,52890971,fxs NDX.INDX:SEL
265404872,337276551,2026-07-08T16:32:04+00:00,1783528324,NAS100,BUY,OUT,5.0,29090.4,-550.0,0.0,0.0,0.0,337272705,52890971,[sl 29090.4]
265405914,337278771,2026-07-08T16:32:30+00:00,1783528350,NAS100,SELL,IN,5.0,29060.1,0.0,0.0,0.0,0.0,337278771,52890971,fxs NDX.INDX:SEL
265480982,337396478,2026-07-08T17:43:40+00:00,1783532620,NAS100,BUY,OUT,5.0,28978.4,408.5,0.0,0.0,0.0,337278771,52890971,[tp 28978.4]
265481312,337396792,2026-07-08T17:43:46+00:00,1783532626,NAS100,SELL,IN,5.0,28986.2,0.0,0.0,0.0,0.0,337396792,52890971,fxs NDX.INDX:SEL
265491033,337419990,2026-07-08T17:51:12+00:00,1783533072,SpotCrude,BUY,IN,5.0,75.611,0.0,0.0,0.0,0.0,337419990,52890969,fxs-v2 EXECUTE_N
265508139,337462415,2026-07-08T18:14:23+00:00,1783534463,NAS100,BUY,OUT,5.0,28906.2,400.0,0.0,0.0,0.0,337396792,52890971,[tp 28906.2]
265508230,337462913,2026-07-08T18:14:28+00:00,1783534468,NAS100,SELL,IN,5.0,28905.2,0.0,0.0,0.0,0.0,337462913,52890971,fxs NDX.INDX:SEL
265512756,337471780,2026-07-08T18:16:57+00:00,1783534617,SpotCrude,SELL,OUT,5.0,76.14,264.5,0.0,0.0,0.0,337419990,52890969,[tp 76.140]
265518615,337479581,2026-07-08T18:24:27+00:00,1783535067,NAS100,BUY,OUT,5.0,28825.2,400.0,0.0,0.0,0.0,337462913,52890971,[tp 28825.2]
265519647,337480830,2026-07-08T18:25:32+00:00,1783535132,NAS100,SELL,IN,5.0,28821.2,0.0,0.0,0.0,0.0,337480830,52890971,fxs NDX.INDX:SEL
265543551,337530806,2026-07-08T19:05:35+00:00,1783537535,NAS100,BUY,OUT,5.0,28931.2,-550.0,0.0,0.0,0.0,337480830,52890971,[sl 28931.2]
265544218,337532780,2026-07-08T19:06:28+00:00,1783537588,NAS100,SELL,IN,5.0,28912.0,0.0,0.0,0.0,0.0,337532780,52890971,fxs NDX.INDX:SEL
265549739,337541713,2026-07-08T19:17:32+00:00,1783538252,SpotCrude,BUY,IN,5.0,75.648,0.0,0.0,0.0,0.0,337541713,52890969,fxs-sr USOIL.FOR
265551045,337544003,2026-07-08T19:20:36+00:00,1783538436,NAS100,BUY,OUT,5.0,29020.5,-542.5,0.0,0.0,0.0,337532780,52890971,[sl 29020.5]
265556945,337552647,2026-07-08T19:31:56+00:00,1783539116,NAS100,BUY,IN,5.0,29077.0,0.0,0.0,0.0,0.0,337552647,52890969,fxs-sr NDX.INDX:
265559630,337560764,2026-07-08T19:36:06+00:00,1783539366,NAS100,SELL,OUT,5.0,29036.6,-202.0,0.0,0.0,0.0,337552647,52890969,[sl 29036.6]
265568706,337583127,2026-07-08T19:45:35+00:00,1783539935,NAS100,SELL,IN,5.0,29084.2,0.0,0.0,0.0,0.0,337583127,52890971,fxs NDX.INDX:SEL
265572557,337592674,2026-07-08T19:51:59+00:00,1783540319,SpotCrude,SELL,OUT,5.0,74.863,-392.5,0.0,0.0,0.0,337541713,52890969,[sl 74.863]
265592067,337624263,2026-07-08T20:25:01+00:00,1783542301,NAS100,BUY,OUT,5.0,29194.2,-550.0,0.0,0.0,0.0,337583127,52890971,[sl 29194.2]
265605339,337642020,2026-07-08T20:47:47+00:00,1783543667,SpotCrude,BUY,IN,5.0,74.184,0.0,0.0,0.0,0.0,337642020,52890969,fxs-sr USOIL.FOR
265610641,337648283,2026-07-08T20:58:13+00:00,1783544293,NAS100,SELL,IN,5.0,29105.8,0.0,0.0,0.0,0.0,337648283,52890971,fxs NDX.INDX:SEL
265627095,337673105,2026-07-08T21:28:13+00:00,1783546093,SpotCrude,SELL,OUT,5.0,73.826,-179.0,0.0,0.0,0.0,337642020,52890969,[sl 73.826]
265670899,337748441,2026-07-08T22:51:26+00:00,1783551086,NAS100,BUY,OUT,5.0,29215.8,-550.0,0.0,0.0,0.0,337648283,52890971,[sl 29215.8]
265692906,337775542,2026-07-08T23:44:07+00:00,1783554247,SpotCrude,BUY,IN,5.0,75.224,0.0,0.0,0.0,0.0,337775542,52890969,fxs-sr USOIL.FOR
265741484,337850382,2026-07-09T03:34:34+00:00,1783568074,SpotCrude,SELL,IN,5.0,74.636,0.0,0.0,0.0,0.0,337850382,52890969,fxs-sr USOIL.FOR
265758922,337881476,2026-07-09T04:14:38+00:00,1783570478,SpotCrude,BUY,OUT,5.0,74.819,-91.5,0.0,0.0,0.0,337850382,52890969,[sl 74.819]
265790074,337914974,2026-07-09T05:37:15+00:00,1783575435,SpotCrude,SELL,IN,5.0,74.759,0.0,0.0,0.0,0.0,337914974,52890969,fxs-sr USOIL.FOR
265792413,337932037,2026-07-09T05:45:51+00:00,1783575951,SpotCrude,BUY,OUT,5.0,74.875,-58.0,0.0,0.0,0.0,337914974,52890969,[sl 74.875]
265843307,337997506,2026-07-09T08:15:54+00:00,1783584954,SpotCrude,SELL,IN,5.0,74.651,0.0,0.0,0.0,0.0,337997506,52890969,fxs-sr USOIL.FOR
265851494,338019893,2026-07-09T08:33:51+00:00,1783586031,SpotCrude,SELL,OUT,5.0,74.199,-512.5,0.0,12.29,0.0,337775542,52890969,[sl 74.199]
265856421,338027276,2026-07-09T08:47:06+00:00,1783586826,SpotCrude,BUY,OUT,5.0,73.875,388.0,0.0,0.0,0.0,337997506,52890969,[tp 73.875]
265895590,338083615,2026-07-09T09:51:38+00:00,1783590698,SpotCrude,SELL,IN,5.0,73.652,0.0,0.0,0.0,0.0,338083615,52890969,fxs-sr USOIL.FOR
265903762,338102164,2026-07-09T10:06:01+00:00,1783591561,SpotCrude,BUY,OUT,5.0,73.747,-47.5,0.0,0.0,0.0,338083615,52890969,[sl 73.747]
265904252,338102272,2026-07-09T10:07:03+00:00,1783591623,SpotCrude,SELL,IN,5.0,73.734,0.0,0.0,0.0,0.0,338102272,52890969,fxs-sr USOIL.FOR
265905573,338104970,2026-07-09T10:10:18+00:00,1783591818,SpotCrude,BUY,OUT,5.0,73.969,-117.5,0.0,0.0,0.0,338102272,52890969,[sl 73.969]
265931573,338143211,2026-07-09T11:10:16+00:00,1783595416,SpotCrude,SELL,IN,5.0,72.946,0.0,0.0,0.0,0.0,338143211,52890969,fxs-sr USOIL.FOR
265946819,338169410,2026-07-09T11:39:42+00:00,1783597182,SpotCrude,BUY,OUT,5.0,73.288,-171.0,0.0,0.0,0.0,338143211,52890969,[sl 73.288]
266009410,338257692,2026-07-09T14:20:20+00:00,1783606820,SpotCrude,BUY,IN,5.0,74.35,0.0,0.0,0.0,0.0,338257692,52890969,fxs-sr USOIL.FOR
266076498,338369497,2026-07-09T16:11:17+00:00,1783613477,SpotCrude,SELL,OUT,5.0,73.653,-348.5,0.0,0.0,0.0,338257692,52890969,[sl 73.653]
266111793,338420298,2026-07-09T16:43:23+00:00,1783615403,NAS100,SELL,IN,5.0,29628.8,0.0,0.0,0.0,0.0,338420298,52890971,fxs NDX.INDX:SEL
266127664,338441475,2026-07-09T16:59:08+00:00,1783616348,SpotCrude,SELL,IN,5.0,72.95,0.0,0.0,0.0,0.0,338441475,52890969,fxs-v2 FALLBACK_
266148970,338471522,2026-07-09T17:15:04+00:00,1783617304,NAS100,BUY,OUT,5.0,29548.8,400.0,0.0,0.0,0.0,338420298,52890971,[tp 29548.8]
266150198,338473031,2026-07-09T17:15:49+00:00,1783617349,NAS100,BUY,IN,5.0,29503.7,0.0,0.0,0.0,0.0,338473031,52890969,fxs-sr NDX.INDX:
266150956,338473941,2026-07-09T17:16:09+00:00,1783617369,NAS100,SELL,OUT,5.0,29470.4,-166.5,0.0,0.0,0.0,338473031,52890969,[sl 29470.4]
266153759,338477794,2026-07-09T17:18:12+00:00,1783617492,NAS100,SELL,IN,5.0,29478.5,0.0,0.0,0.0,0.0,338477794,52890971,fxs NDX.INDX:SEL
266153989,338475525,2026-07-09T17:18:27+00:00,1783617507,NAS100,BUY,IN,5.0,29468.1,0.0,0.0,0.0,0.0,338475525,52890969,fxs-sr NDX.INDX:
266156289,338482440,2026-07-09T17:20:18+00:00,1783617618,NAS100,SELL,OUT,5.0,29430.4,-188.5,0.0,0.0,0.0,338475525,52890969,[sl 29430.4]
266157707,338484234,2026-07-09T17:21:11+00:00,1783617671,NAS100,BUY,OUT,5.0,29399.0,397.5,0.0,0.0,0.0,338477794,52890971,[tp 29399.0]
266161660,338489275,2026-07-09T17:24:02+00:00,1783617842,NAS100,SELL,IN,5.0,29440.5,0.0,0.0,0.0,0.0,338489275,52890971,fxs NDX.INDX:SEL
266178745,338512671,2026-07-09T17:39:47+00:00,1783618787,NAS100,BUY,OUT,5.0,29550.5,-550.0,0.0,0.0,0.0,338489275,52890971,[sl 29550.5]
266181494,338512239,2026-07-09T17:44:17+00:00,1783619057,NAS100,BUY,IN,5.0,29524.8,0.0,0.0,0.0,0.0,338512239,52890969,fxs-sr NDX.INDX:
266184083,338519827,2026-07-09T17:49:05+00:00,1783619345,NAS100,SELL,OUT,5.0,29575.5,253.5,0.0,0.0,0.0,338512239,52890969,[tp 29575.5]
266186917,338521677,2026-07-09T17:52:27+00:00,1783619547,NAS100,BUY,IN,5.0,29527.0,0.0,0.0,0.0,0.0,338521677,52890969,fxs-sr NDX.INDX:
266188109,338524761,2026-07-09T17:54:02+00:00,1783619642,NAS100,SELL,IN,5.0,29516.8,0.0,0.0,0.0,0.0,338524761,52890971,fxs NDX.INDX:SEL
266190434,338528700,2026-07-09T17:58:10+00:00,1783619890,NAS100,SELL,OUT,5.0,29566.8,199.0,0.0,0.0,0.0,338521677,52890969,[tp 29566.8]
266190868,338529052,2026-07-09T17:58:27+00:00,1783619907,NAS100,BUY,IN,5.0,29566.5,0.0,0.0,0.0,0.0,338529052,52890969,fxs-sr NDX.INDX:
266193750,338533445,2026-07-09T18:00:49+00:00,1783620049,NAS100,SELL,IN,5.0,29575.7,0.0,0.0,0.0,0.0,338533445,52890970,fxs NDX.INDX:SEL
266193753,338533454,2026-07-09T18:00:50+00:00,1783620050,GER40,SELL,IN,5.0,25110.2,0.0,0.0,0.0,0.0,338533454,52890970,fxs GDAXI.INDX:S
266197660,338538389,2026-07-09T18:06:54+00:00,1783620414,NAS100,BUY,OUT,5.0,29626.2,-547.0,0.0,0.0,0.0,338524761,52890971,[sl 29626.2]
266198221,338539066,2026-07-09T18:07:23+00:00,1783620443,NAS100,SELL,IN,5.0,29614.1,0.0,0.0,0.0,0.0,338539066,52890971,fxs NDX.INDX:SEL
266201335,338543806,2026-07-09T18:15:34+00:00,1783620934,NAS100,SELL,OUT,5.0,29646.5,400.0,0.0,0.0,0.0,338529052,52890969,[tp 29646.5]
266222320,338571189,2026-07-09T19:05:17+00:00,1783623917,NAS100,BUY,OUT,5.0,29685.7,-550.0,0.0,0.0,0.0,338533445,52890970,[sl 29685.7]
266248127,338604155,2026-07-09T20:10:33+00:00,1783627833,NAS100,BUY,OUT,5.0,29725.1,-555.0,0.0,0.0,0.0,338539066,52890971,[sl 29725.1]
266248228,338604304,2026-07-09T20:10:42+00:00,1783627842,NAS100,SELL,IN,5.0,29730.2,0.0,0.0,0.0,0.0,338604304,52890971,fxs NDX.INDX:SEL
266258909,338617797,2026-07-09T20:37:07+00:00,1783629427,SpotCrude,BUY,OUT,5.0,71.834,558.0,0.0,0.0,0.0,338441475,52890969,[tp 71.834]
