date,DFII10,DGS10,DGS2,T10YIE,DTWEXBGS,VIXCLS,gold
2021-05-03,-0.79,1.63,0.16,2.42,112.005,18.31,1793.0
2021-05-04,-0.81,1.61,0.16,2.42,112.2896,19.48,1778.71
2021-05-05,-0.88,1.59,0.16,2.47,112.1514,19.15,1786.91
2021-05-06,-0.87,1.58,0.16,2.45,111.8401,18.39,1814.91
2021-05-07,-0.89,1.6,0.14,2.49,111.0249,16.69,1831.38
2021-05-10,-0.91,1.63,0.16,2.54,110.7905,19.66,1835.7
2021-05-11,-0.89,1.64,0.16,2.53,110.8921,21.84,1837.42
2021-05-12,-0.85,1.69,0.16,2.54,111.5636,27.59,1815.42
2021-05-13,-0.85,1.66,0.16,2.51,111.5955,23.13,1826.46
2021-05-14,-0.88,1.63,0.16,2.51,111.1353,18.81,1843.34
2021-05-17,-0.9,1.64,0.16,2.54,111.079,19.72,1866.8
2021-05-18,-0.88,1.64,0.16,2.52,110.8317,21.34,1869.52
2021-05-19,-0.8,1.68,0.16,2.48,110.8807,22.18,1869.35
2021-05-20,-0.78,1.63,0.15,2.41,110.8605,20.67,1877.05
2021-05-21,-0.8,1.63,0.17,2.43,111.0576,20.15,1881.34
2021-05-24,-0.83,1.61,0.15,2.44,110.9118,18.4,1880.83
2021-05-25,-0.86,1.56,0.15,2.42,110.842,18.84,1899.15
2021-05-26,-0.82,1.58,0.14,2.4,110.8677,17.36,1896.64
2021-05-27,-0.81,1.61,0.14,2.42,110.8688,16.74,1896.54
2021-05-28,-0.84,1.58,0.14,2.42,110.7576,16.76,1903.83
2021-05-31,-0.84,1.58,0.14,2.42,110.7576,16.76,1906.64
2021-06-01,-0.84,1.62,0.16,2.46,110.5046,17.9,1900.37
2021-06-02,-0.85,1.59,0.13,2.44,110.5799,17.48,1908.29
2021-06-03,-0.79,1.63,0.16,2.42,111.1782,18.04,1870.5
2021-06-04,-0.84,1.56,0.14,2.4,110.7521,16.42,1891.5
2021-06-07,-0.82,1.57,0.16,2.39,110.5155,16.42,1899.0
2021-06-08,-0.83,1.53,0.14,2.36,110.649,17.07,1892.86
2021-06-09,-0.82,1.5,0.16,2.32,110.5707,17.89,1888.6
2021-06-10,-0.9,1.45,0.14,2.35,110.5456,16.1,1898.44
2021-06-11,-0.85,1.47,0.16,2.32,111.0933,15.65,1876.19
2021-06-14,-0.85,1.51,0.16,2.36,110.9659,16.39,1866.09
2021-06-15,-0.87,1.51,0.16,2.38,111.3507,17.02,1858.75
2021-06-16,-0.75,1.57,0.21,2.32,111.1165,18.15,1811.95
2021-06-17,-0.75,1.52,0.23,2.27,112.5772,17.75,1773.15
2021-06-18,-0.79,1.45,0.26,2.24,113.0408,20.7,1764.2
2021-06-21,-0.75,1.5,0.27,2.25,112.8391,17.89,1782.97
2021-06-22,-0.83,1.48,0.25,2.31,112.9174,16.66,1778.76
2021-06-23,-0.84,1.5,0.26,2.34,112.3819,16.32,1778.86
2021-06-24,-0.81,1.49,0.26,2.3,112.326,15.97,1774.95
2021-06-25,-0.8,1.54,0.28,2.34,111.9655,15.62,1781.26
2021-06-28,-0.84,1.49,0.25,2.33,112.0248,15.76,1778.08
2021-06-29,-0.83,1.49,0.27,2.32,112.2613,16.02,1761.12
2021-06-30,-0.87,1.45,0.25,2.32,112.5533,15.83,1770.37
2021-07-01,-0.87,1.48,0.25,2.35,112.74,15.48,1776.73
2021-07-02,-0.89,1.44,0.24,2.33,112.5425,15.07,1787.47
2021-07-05,-0.89,1.44,0.24,2.33,112.5425,15.07,1791.76
2021-07-06,-0.94,1.37,0.22,2.31,112.9516,16.44,1797.13
2021-07-07,-0.95,1.33,0.22,2.28,113.1048,16.2,1803.66
2021-07-08,-0.92,1.3,0.19,2.22,113.0776,19.0,1802.36
2021-07-09,-0.91,1.37,0.23,2.28,112.8375,16.18,1808.28
2021-07-12,-0.95,1.38,0.23,2.33,112.7611,16.17,1806.12
2021-07-13,-0.94,1.42,0.26,2.36,113.0063,17.12,1807.6
2021-07-14,-0.97,1.37,0.23,2.34,112.8801,16.33,1827.42
2021-07-15,-1.01,1.31,0.23,2.32,113.0041,17.01,1829.5
2021-07-16,-1.02,1.31,0.25,2.33,113.0428,18.45,1811.55
2021-07-19,-1.05,1.19,0.21,2.24,113.5472,22.5,1812.76
2021-07-20,-1.03,1.23,0.2,2.26,113.7502,19.73,1810.33
2021-07-21,-0.98,1.3,0.22,2.28,113.3926,17.91,1803.41
2021-07-22,-1.01,1.27,0.2,2.28,113.4695,17.69,1806.62
2021-07-23,-1.05,1.3,0.22,2.35,113.4398,17.2,1802.04
2021-07-26,-1.11,1.29,0.22,2.4,113.2238,17.58,1797.47
2021-07-27,-1.13,1.25,0.2,2.38,113.2227,19.36,1798.92
2021-07-28,-1.15,1.26,0.2,2.41,113.1807,18.31,1806.96
2021-07-29,-1.15,1.28,0.2,2.43,112.4834,17.7,1827.97
2021-07-30,-1.16,1.24,0.19,2.4,112.6714,18.24,1814.09
2021-08-02,-1.17,1.2,0.17,2.37,112.6691,19.46,1813.48
2021-08-03,-1.19,1.19,0.17,2.38,112.8228,18.04,1810.31
2021-08-04,-1.16,1.19,0.17,2.35,112.8953,17.97,1811.88
2021-08-05,-1.1,1.23,0.21,2.33,112.7674,17.28,1804.03
2021-08-06,-1.06,1.31,0.21,2.37,113.3088,16.15,1763.44
2021-08-09,-1.04,1.33,0.23,2.37,113.4521,16.72,1729.47
2021-08-10,-1.04,1.36,0.24,2.4,113.4973,16.79,1729.1
2021-08-11,-1.07,1.35,0.23,2.42,113.282,16.06,1751.54
2021-08-12,-1.05,1.36,0.23,2.41,113.2691,15.59,1752.64
2021-08-13,-1.08,1.29,0.23,2.37,113.0615,15.45,1779.38
2021-08-16,-1.1,1.26,0.21,2.36,113.1698,16.12,1787.11
2021-08-17,-1.07,1.26,0.23,2.33,113.6174,17.91,1785.93
2021-08-18,-1.05,1.27,0.23,2.32,113.6959,21.57,1787.45
2021-08-19,-1.04,1.24,0.22,2.28,114.1106,21.67,1779.9
2021-08-20,-1.01,1.26,0.23,2.27,114.5009,18.56,1780.96
2021-08-23,-1.02,1.25,0.23,2.27,113.9418,17.15,1805.31
2021-08-24,-1.01,1.29,0.24,2.3,113.6795,17.22,1802.97
2021-08-25,-1.0,1.35,0.23,2.35,113.6322,16.79,1790.45
2021-08-26,-0.99,1.34,0.25,2.33,113.7883,18.84,1791.92
2021-08-27,-1.08,1.31,0.22,2.39,113.3404,16.39,1818.13
2021-08-30,-1.08,1.29,0.2,2.37,113.246,16.19,1810.26
2021-08-31,-1.03,1.3,0.2,2.33,113.1076,16.48,1813.74
2021-09-01,-1.03,1.31,0.2,2.34,112.8732,16.11,1814.18
2021-09-02,-1.03,1.29,0.2,2.32,112.7863,16.41,1809.54
2021-09-03,-1.01,1.33,0.21,2.34,112.5476,16.41,1827.52
2021-09-06,-1.01,1.33,0.21,2.34,112.5476,16.41,1823.22
2021-09-07,-0.98,1.38,0.22,2.36,112.9795,18.14,1794.27
2021-09-08,-1.03,1.35,0.22,2.38,113.2319,17.96,1789.19
2021-09-09,-1.08,1.3,0.23,2.38,113.043,18.8,1794.2
2021-09-10,-1.05,1.35,0.23,2.4,112.9425,20.95,1787.66
2021-09-13,-1.04,1.33,0.21,2.37,113.0341,19.37,1793.48
2021-09-14,-1.05,1.28,0.21,2.33,113.0061,19.46,1804.6
2021-09-15,-1.04,1.31,0.21,2.35,112.9773,18.18,1793.63
2021-09-16,-1.01,1.34,0.23,2.35,113.3036,18.69,1753.4
2021-09-17,-0.96,1.37,0.23,2.33,113.5989,20.81,1754.08
2021-09-20,-0.98,1.31,0.23,2.29,113.9422,25.71,1764.22
2021-09-21,-0.96,1.33,0.22,2.29,113.8179,24.36,1774.3
2021-09-22,-0.96,1.32,0.25,2.28,113.6223,20.87,1768.01
2021-09-23,-0.9,1.41,0.27,2.31,113.513,18.63,1742.41
2021-09-24,-0.87,1.47,0.29,2.34,113.7597,17.75,1750.68
2021-09-27,-0.87,1.48,0.31,2.35,113.7432,18.76,1750.13
2021-09-28,-0.84,1.54,0.31,2.38,114.2469,23.25,1733.86
2021-09-29,-0.82,1.55,0.3,2.37,114.7092,22.56,1726.5
2021-09-30,-0.85,1.52,0.28,2.37,114.6403,23.14,1757.0
2021-10-01,-0.9,1.48,0.27,2.38,114.3798,21.15,1760.52
2021-10-04,-0.89,1.49,0.27,2.38,114.2739,22.96,1769.3
2021-10-05,-0.91,1.54,0.28,2.45,114.3654,21.3,1759.93
2021-10-06,-0.9,1.53,0.3,2.43,114.7185,21.0,1762.65
2021-10-07,-0.88,1.58,0.32,2.46,114.5044,19.54,1755.09
2021-10-08,-0.89,1.61,0.32,2.5,114.5986,18.77,1756.79
2021-10-11,-0.89,1.61,0.32,2.5,114.5986,20.0,1754.19
2021-10-12,-0.9,1.59,0.35,2.49,114.7542,19.85,1760.04
2021-10-13,-0.96,1.56,0.37,2.52,114.4705,18.64,1793.0
2021-10-14,-1.0,1.52,0.36,2.52,114.2053,16.86,1796.02
2021-10-15,-0.97,1.59,0.41,2.56,114.0905,16.3,1767.63
2021-10-18,-0.95,1.59,0.44,2.54,113.9899,16.31,1764.77
2021-10-19,-0.89,1.65,0.41,2.54,113.647,15.7,1769.45
2021-10-20,-0.92,1.65,0.4,2.57,113.5083,15.49,1781.98
2021-10-21,-0.96,1.68,0.45,2.64,113.6188,15.01,1782.88
2021-10-22,-0.98,1.66,0.48,2.64,113.67,15.43,1792.56
2021-10-25,-1.02,1.64,0.47,2.66,113.605,15.24,1807.66
2021-10-26,-1.06,1.63,0.47,2.69,113.674,15.98,1792.8
2021-10-27,-1.11,1.54,0.5,2.65,113.6218,16.98,1796.93
2021-10-28,-1.0,1.57,0.5,2.57,113.4389,16.53,1798.8
2021-10-29,-0.96,1.55,0.48,2.51,114.1349,16.26,1782.96
2021-11-01,-0.92,1.58,0.5,2.5,114.2067,16.41,1793.2
2021-11-02,-0.95,1.56,0.46,2.51,114.2847,16.03,1787.95
2021-11-03,-0.93,1.6,0.47,2.53,114.3593,15.1,1769.63
2021-11-04,-1.03,1.53,0.41,2.56,114.3558,15.44,1791.57
2021-11-05,-1.09,1.45,0.39,2.54,114.0732,16.48,1817.93
2021-11-08,-1.11,1.51,0.45,2.62,113.8256,17.22,1824.27
2021-11-09,-1.17,1.46,0.41,2.63,113.762,17.78,1831.85
2021-11-10,-1.14,1.56,0.51,2.7,114.1484,18.73,1849.25
2021-11-11,-1.14,1.56,0.51,2.7,114.1484,17.66,1861.98
2021-11-12,-1.15,1.58,0.53,2.73,114.5144,16.29,1864.69
2021-11-15,-1.13,1.63,0.53,2.76,114.5876,16.49,1862.68
2021-11-16,-1.1,1.63,0.54,2.73,115.136,16.37,1850.4
2021-11-17,-1.1,1.6,0.52,2.7,115.0263,17.11,1867.32
2021-11-18,-1.14,1.59,0.52,2.73,115.0678,17.59,1858.93
2021-11-19,-1.11,1.54,0.52,2.65,115.2187,17.91,1845.94
2021-11-22,-0.98,1.63,0.63,2.61,115.6481,19.17,1804.78
2021-11-23,-0.95,1.67,0.6,2.62,116.0118,19.38,1789.0
2021-11-24,-0.97,1.64,0.64,2.61,116.2711,18.58,1788.49
2021-11-25,-0.97,1.64,0.64,2.61,116.2711,18.58,1788.61
2021-11-26,-1.07,1.48,0.5,2.55,116.5103,28.62,1790.96
2021-11-29,-1.02,1.52,0.51,2.54,116.581,22.96,1784.59
2021-11-30,-1.07,1.43,0.52,2.5,116.2071,27.19,1774.81
2021-12-01,-1.01,1.43,0.56,2.44,115.889,31.12,1781.78
2021-12-02,-1.03,1.44,0.63,2.47,116.018,27.95,1768.08
2021-12-03,-1.08,1.35,0.6,2.43,116.2377,30.67,1783.44
2021-12-06,-1.01,1.43,0.65,2.44,116.1538,27.18,1778.41
2021-12-07,-0.99,1.48,0.7,2.47,115.8555,21.89,1784.1
2021-12-08,-1.0,1.52,0.68,2.52,115.4418,19.9,1783.01
2021-12-09,-0.98,1.49,0.7,2.47,115.7784,21.58,1775.12
2021-12-10,-0.96,1.48,0.67,2.44,115.5732,18.69,1782.87
2021-12-13,-0.98,1.42,0.66,2.4,115.842,20.31,1786.6
2021-12-14,-0.93,1.44,0.67,2.37,116.2397,21.89,1770.56
2021-12-15,-0.92,1.47,0.69,2.39,116.4219,19.29,1777.04
2021-12-16,-0.98,1.44,0.64,2.42,115.7146,20.57,1799.19
2021-12-17,-0.97,1.41,0.66,2.38,115.791,21.57,1797.48
2021-12-20,-0.96,1.43,0.65,2.39,116.0092,22.87,1790.86
2021-12-21,-0.96,1.48,0.7,2.44,116.1089,21.01,1788.89
2021-12-22,-1.01,1.46,0.68,2.47,115.7485,18.63,1803.57
2021-12-23,-0.97,1.5,0.71,2.47,115.5337,17.96,1808.48
2021-12-27,-1.02,1.48,0.76,2.5,115.4684,17.68,1811.89
2021-12-28,-1.01,1.49,0.74,2.5,115.4192,17.54,1806.07
2021-12-29,-0.98,1.55,0.75,2.53,115.3678,16.95,1804.33
2021-12-30,-1.06,1.52,0.73,2.58,115.283,17.33,1814.59
2021-12-31,-1.04,1.52,0.73,2.56,115.283,17.22,1828.34
2022-01-03,-0.97,1.63,0.78,2.6,115.4101,16.6,1801.25
2022-01-04,-0.91,1.66,0.77,2.57,115.3103,16.91,1814.54
2022-01-05,-0.82,1.71,0.83,2.53,115.137,19.73,1810.21
2022-01-06,-0.73,1.73,0.88,2.46,115.4046,19.61,1790.9
2022-01-07,-0.72,1.76,0.87,2.48,115.0451,18.76,1796.62
2022-01-10,-0.7,1.78,0.92,2.48,115.2216,19.4,1801.66
2022-01-11,-0.79,1.75,0.9,2.54,114.8332,18.41,1821.51
2022-01-12,-0.74,1.74,0.92,2.48,114.355,17.62,1826.15
2022-01-13,-0.73,1.7,0.91,2.43,114.177,20.31,1822.56
2022-01-14,-0.66,1.78,0.99,2.44,114.3825,19.19,1817.38
2022-01-17,-0.66,1.78,0.99,2.44,114.3825,19.19,1819.2
2022-01-18,-0.59,1.87,1.06,2.46,114.7373,22.79,1813.65
2022-01-19,-0.57,1.83,1.04,2.4,114.6109,23.85,1840.37
2022-01-20,-0.5,1.83,1.08,2.33,114.4642,25.59,1839.47
2022-01-21,-0.59,1.75,1.01,2.34,114.6125,28.85,1834.39
2022-01-24,-0.63,1.75,0.99,2.38,115.2034,29.9,1843.0
2022-01-25,-0.63,1.78,1.02,2.41,115.1654,31.16,1847.98
2022-01-26,-0.53,1.85,1.13,2.38,115.0922,31.96,1819.47
2022-01-27,-0.59,1.81,1.18,2.4,115.978,30.49,1797.13
2022-01-28,-0.66,1.78,1.15,2.44,116.0393,27.66,1791.81
2022-01-31,-0.65,1.79,1.18,2.44,115.566,24.83,1797.3
2022-02-01,-0.62,1.81,1.18,2.43,115.3685,21.96,1801.03
2022-02-02,-0.63,1.78,1.16,2.41,115.1538,22.09,1806.79
2022-02-03,-0.56,1.82,1.19,2.38,114.9065,24.35,1804.81
2022-02-04,-0.48,1.93,1.31,2.41,115.1362,23.22,1808.2
2022-02-07,-0.48,1.92,1.3,2.4,115.0098,22.86,1820.49
2022-02-08,-0.46,1.96,1.35,2.42,115.0892,21.44,1825.97
2022-02-09,-0.48,1.94,1.36,2.42,114.8232,19.96,1832.91
2022-02-10,-0.42,2.03,1.61,2.45,114.5527,23.91,1826.63
2022-02-11,-0.51,1.92,1.5,2.43,114.8413,27.36,1859.0
2022-02-14,-0.5,1.98,1.58,2.48,115.1946,28.33,1871.35
2022-02-15,-0.43,2.05,1.58,2.48,114.93,25.7,1853.5
2022-02-16,-0.43,2.03,1.52,2.46,114.6886,24.29,1869.64
2022-02-17,-0.46,1.97,1.49,2.43,114.6755,28.11,1898.41
2022-02-18,-0.49,1.92,1.47,2.41,114.7982,27.75,1897.46
2022-02-21,-0.49,1.92,1.47,2.41,114.7982,27.75,1903.03
2022-02-22,-0.51,1.94,1.56,2.45,114.7002,28.81,1898.51
2022-02-23,-0.54,1.99,1.58,2.53,114.6668,31.02,1909.04
2022-02-24,-0.59,1.96,1.54,2.55,115.9419,30.32,1903.93
2022-02-25,-0.57,1.97,1.55,2.54,115.2577,27.59,1888.71
2022-02-28,-0.79,1.83,1.44,2.62,115.2224,30.15,1908.93
2022-03-01,-0.9,1.72,1.31,2.62,115.7962,33.32,1945.01
2022-03-02,-0.85,1.86,1.5,2.71,115.7623,30.74,1928.59
2022-03-03,-0.83,1.86,1.53,2.69,115.9495,30.48,1936.23
2022-03-04,-0.93,1.74,1.5,2.67,116.6503,31.98,1970.46
2022-03-07,-0.99,1.78,1.55,2.77,117.3278,36.45,1997.6
2022-03-08,-1.04,1.86,1.63,2.9,117.6176,35.13,2049.7
2022-03-09,-0.9,1.94,1.68,2.84,116.5961,32.45,1991.85
2022-03-10,-0.88,1.98,1.72,2.86,116.7401,30.23,1996.7
2022-03-11,-0.94,2.0,1.75,2.94,117.0192,30.75,1987.31
2022-03-14,-0.79,2.14,1.87,2.93,117.1506,31.77,1950.72
2022-03-15,-0.69,2.15,1.85,2.84,117.246,29.83,1917.69
2022-03-16,-0.61,2.19,1.95,2.8,116.8073,26.67,1926.11
2022-03-17,-0.71,2.2,1.94,2.91,116.0467,25.67,1942.49
2022-03-18,-0.72,2.14,1.97,2.86,116.1378,23.87,1919.98
2022-03-21,-0.58,2.32,2.14,2.9,115.9398,23.53,1935.89
2022-03-22,-0.53,2.38,2.18,2.91,116.0824,22.94,1921.36
2022-03-23,-0.62,2.32,2.13,2.94,116.005,23.57,1944.2
2022-03-24,-0.58,2.34,2.13,2.92,115.9599,21.67,1957.59
2022-03-25,-0.47,2.48,2.3,2.95,115.7921,20.81,1957.78
2022-03-28,-0.49,2.46,2.35,2.95,116.1911,19.63,1922.67
2022-03-29,-0.45,2.41,2.35,2.86,115.5679,18.9,1919.5
2022-03-30,-0.51,2.35,2.31,2.86,115.0818,19.33,1932.64
2022-03-31,-0.52,2.32,2.28,2.84,115.2218,20.56,1937.11
2022-04-01,-0.41,2.39,2.44,2.8,115.4814,19.63,1924.35
2022-04-04,-0.38,2.42,2.43,2.8,115.4112,18.57,1932.73
2022-04-05,-0.3,2.54,2.51,2.84,115.73,21.03,1923.43
2022-04-06,-0.22,2.61,2.5,2.83,115.9995,22.1,1925.26
2022-04-07,-0.16,2.66,2.47,2.82,116.3512,21.55,1931.45
2022-04-08,-0.15,2.72,2.53,2.87,116.4176,21.16,1946.12
2022-04-11,-0.12,2.79,2.5,2.91,116.5401,24.37,1953.63
2022-04-12,-0.14,2.72,2.39,2.86,116.3866,24.26,1966.48
2022-04-13,-0.1,2.7,2.37,2.8,116.2796,21.82,1978.16
2022-04-14,-0.06,2.83,2.47,2.89,116.7558,22.7,1973.37
2022-04-18,-0.07,2.85,2.46,2.92,116.8441,22.17,1978.63
2022-04-19,0.0,2.93,2.61,2.93,117.1324,21.37,1950.12
2022-04-20,-0.07,2.85,2.6,2.92,116.7306,20.32,1957.52
2022-04-21,-0.12,2.9,2.68,3.02,117.1432,22.68,1951.2
2022-04-22,-0.08,2.9,2.72,2.98,118.0186,28.21,1930.94
2022-04-25,-0.1,2.81,2.63,2.91,118.6271,27.02,1897.91
2022-04-26,-0.08,2.77,2.54,2.85,118.9624,33.52,1905.17
2022-04-27,-0.06,2.82,2.58,2.88,119.4708,31.6,1885.88
2022-04-28,-0.12,2.85,2.63,2.97,120.0675,29.99,1894.57
2022-04-29,0.01,2.89,2.7,2.88,119.4933,33.4,1896.23
2022-05-02,0.18,2.99,2.73,2.81,119.8825,32.34,1862.84
2022-05-03,0.14,2.97,2.78,2.83,119.7043,29.25,1868.21
2022-05-04,0.07,2.93,2.66,2.86,119.5592,25.42,1881.23
2022-05-05,0.18,3.05,2.71,2.87,120.0068,31.2,1877.1
2022-05-06,0.26,3.12,2.72,2.86,119.8577,30.19,1882.61
2022-05-09,0.3,3.05,2.61,2.75,120.4972,34.75,1853.83
2022-05-10,0.34,2.99,2.62,2.65,120.7742,32.99,1838.24
2022-05-11,0.21,2.91,2.66,2.7,120.3925,32.56,1852.44
2022-05-12,0.25,2.84,2.56,2.59,121.2796,31.77,1821.8
2022-05-13,0.24,2.93,2.61,2.69,120.8442,28.87,1811.34
2022-05-16,0.2,2.88,2.58,2.68,120.6881,27.47,1823.93
2022-05-17,0.27,2.98,2.71,2.71,119.8871,26.1,1815.04
2022-05-18,0.17,2.89,2.68,2.72,120.0274,30.96,1816.52
2022-05-19,0.25,2.84,2.63,2.59,119.4278,29.35,1842.1
2022-05-20,0.23,2.78,2.6,2.55,119.3677,29.43,1846.3
2022-05-23,0.26,2.86,2.65,2.6,118.7169,28.48,1853.49
2022-05-24,0.21,2.76,2.5,2.55,118.6245,29.45,1866.4
2022-05-25,0.19,2.75,2.48,2.56,118.9598,28.37,1853.22
2022-05-26,0.13,2.75,2.46,2.62,118.7687,27.5,1850.68
2022-05-27,0.11,2.74,2.47,2.63,118.2834,25.72,1853.0
2022-05-30,0.11,2.74,2.47,2.63,118.2834,26.54,1855.22
2022-05-31,0.21,2.85,2.53,2.64,118.0704,26.19,1837.46
2022-06-01,0.29,2.94,2.66,2.65,118.6954,25.69,1846.42
2022-06-02,0.26,2.92,2.65,2.66,118.0658,24.72,1868.54
2022-06-03,0.22,2.96,2.66,2.74,118.2153,24.79,1850.9
2022-06-06,0.28,3.04,2.73,2.76,118.3081,25.07,1841.54
2022-06-07,0.25,2.98,2.75,2.73,118.4414,24.02,1852.38
2022-06-08,0.28,3.03,2.78,2.75,118.3951,23.96,1853.12
2022-06-09,0.29,3.04,2.83,2.75,118.9226,26.09,1847.98
2022-06-10,0.39,3.15,3.06,2.76,119.9981,27.75,1871.38
2022-06-13,0.69,3.43,3.4,2.74,121.1523,34.02,1819.36
2022-06-14,0.89,3.49,3.45,2.6,121.6669,32.69,1808.24
2022-06-15,0.63,3.33,3.2,2.7,121.6403,29.62,1833.86
2022-06-16,0.66,3.28,3.14,2.62,120.6714,32.95,1856.65
2022-06-17,0.67,3.25,3.17,2.58,121.2369,31.13,1840.08
2022-06-20,0.67,3.25,3.17,2.58,121.2369,31.03,1838.42
2022-06-21,0.7,3.31,3.21,2.61,120.6427,30.19,1833.06
2022-06-22,0.62,3.16,3.06,2.54,120.5197,28.95,1837.84
2022-06-23,0.59,3.09,3.01,2.5,120.7622,29.05,1822.59
2022-06-24,0.57,3.13,3.04,2.56,120.4853,27.23,1826.98
2022-06-27,0.65,3.2,3.08,2.55,120.1736,26.95,1822.63
2022-06-28,0.72,3.2,3.1,2.48,120.62,28.36,1819.9
2022-06-29,0.74,3.1,3.06,2.36,120.9616,28.16,1817.8
2022-06-30,0.65,2.98,2.92,2.33,120.9652,28.71,1807.12
2022-07-01,0.54,2.88,2.84,2.34,121.5058,26.7,1808.94
2022-07-04,0.54,2.88,2.84,2.34,121.5058,27.53,1807.96
2022-07-05,0.52,2.82,2.82,2.3,122.6203,27.54,1764.58
2022-07-06,0.64,2.93,2.97,2.29,123.0073,26.73,1739.08
2022-07-07,0.68,3.01,3.03,2.33,122.7257,26.08,1740.09
2022-07-08,0.72,3.09,3.12,2.37,122.4662,24.64,1742.45
2022-07-11,0.67,2.99,3.07,2.32,123.2974,26.17,1734.02
2022-07-12,0.64,2.96,3.03,2.32,123.4524,27.29,1726.09
2022-07-13,0.6,2.91,3.13,2.31,123.2834,26.82,1735.56
2022-07-14,0.62,2.96,3.15,2.34,124.0622,26.4,1709.72
2022-07-15,0.57,2.93,3.13,2.36,123.4765,24.23,1707.32
2022-07-18,0.59,2.96,3.15,2.37,122.7727,25.3,1708.99
2022-07-19,0.62,3.01,3.23,2.39,122.4819,24.5,1711.56
2022-07-20,0.66,3.04,3.25,2.38,122.5997,23.88,1696.53
2022-07-21,0.58,2.91,3.1,2.33,122.9032,23.11,1718.22
2022-07-22,0.43,2.77,2.98,2.34,122.451,23.03,1727.38
2022-07-25,0.45,2.81,3.0,2.36,122.4594,23.36,1719.64
2022-07-26,0.45,2.81,3.02,2.36,122.7581,24.69,1717.2
2022-07-27,0.36,2.78,2.96,2.42,122.8169,23.24,1734.33
2022-07-28,0.2,2.68,2.85,2.48,122.1161,22.33,1755.83
2022-07-29,0.14,2.67,2.89,2.53,121.7678,21.33,1766.0
2022-08-01,0.09,2.6,2.9,2.51,121.4109,22.84,1772.12
2022-08-02,0.27,2.75,3.06,2.48,121.9486,23.93,1761.04
2022-08-03,0.23,2.73,3.1,2.5,122.3888,21.95,1765.47
2022-08-04,0.22,2.68,3.03,2.46,121.8333,21.44,1791.13
2022-08-05,0.37,2.83,3.24,2.46,122.321,21.15,1775.42
2022-08-08,0.29,2.77,3.21,2.48,121.8783,21.29,1788.98
2022-08-09,0.33,2.8,3.28,2.47,121.8614,21.77,1794.31
2022-08-10,0.35,2.78,3.23,2.43,120.7543,19.74,1792.19
2022-08-11,0.4,2.87,3.23,2.47,120.7163,20.2,1789.44
2022-08-12,0.37,2.84,3.25,2.47,121.018,19.53,1801.62
2022-08-15,0.35,2.79,3.2,2.44,121.4315,19.95,1779.42
2022-08-16,0.38,2.82,3.25,2.44,121.6807,19.69,1775.46
2022-08-17,0.43,2.89,3.28,2.46,122.0711,19.9,1762.0
2022-08-18,0.36,2.88,3.22,2.52,122.3627,19.56,1758.38
2022-08-19,0.43,2.98,3.25,2.55,123.0501,20.6,1747.28
2022-08-22,0.46,3.03,3.32,2.57,123.605,23.8,1736.15
2022-08-23,0.47,3.05,3.29,2.58,123.0547,24.11,1747.79
2022-08-24,0.49,3.11,3.36,2.62,123.109,22.82,1751.29
2022-08-25,0.43,3.03,3.35,2.6,123.0586,21.78,1758.62
2022-08-26,0.47,3.04,3.37,2.57,123.0656,25.56,1738.08
2022-08-29,0.54,3.12,3.42,2.58,123.4686,26.21,1737.45
2022-08-30,0.56,3.11,3.46,2.55,123.6848,26.21,1724.23
2022-08-31,0.67,3.15,3.45,2.48,123.535,25.87,1710.99
2022-09-01,0.81,3.26,3.51,2.45,124.4006,25.56,1697.55
2022-09-02,0.73,3.2,3.4,2.47,123.7743,25.47,1712.78
2022-09-05,0.73,3.2,3.4,2.47,123.7743,25.99,1710.09
2022-09-06,0.85,3.33,3.5,2.48,124.767,26.91,1701.9
2022-09-07,0.82,3.27,3.45,2.45,124.8408,24.64,1718.27
2022-09-08,0.88,3.29,3.48,2.41,124.578,23.61,1708.42
2022-09-09,0.91,3.33,3.56,2.42,123.7874,22.79,1716.85
2022-09-12,0.95,3.37,3.58,2.42,123.3332,23.87,1724.69
2022-09-13,0.98,3.42,3.75,2.44,124.4242,27.27,1702.32
2022-09-14,0.95,3.41,3.78,2.46,124.4509,26.16,1697.36
2022-09-15,1.02,3.45,3.87,2.43,124.8843,26.27,1664.56
2022-09-16,1.07,3.45,3.85,2.38,124.8794,26.3,1675.01
2022-09-19,1.15,3.49,3.95,2.34,125.0104,25.76,1675.71
2022-09-20,1.17,3.57,3.96,2.4,125.1248,27.16,1664.76
2022-09-21,1.13,3.51,4.02,2.38,125.7399,27.99,1673.73
2022-09-22,1.29,3.7,4.11,2.41,126.1667,27.35,1671.16
2022-09-23,1.32,3.69,4.2,2.37,127.2853,29.92,1644.87
2022-09-26,1.56,3.88,4.27,2.32,128.4539,32.26,1622.4
2022-09-27,1.64,3.97,4.3,2.33,128.4386,32.6,1629.16
2022-09-28,1.39,3.72,4.07,2.33,128.0884,30.18,1659.88
2022-09-29,1.57,3.76,4.16,2.19,127.5437,31.84,1660.52
2022-09-30,1.68,3.83,4.22,2.15,127.5148,31.62,1660.79
2022-10-03,1.43,3.67,4.12,2.24,127.0813,30.1,1699.62
2022-10-04,1.38,3.62,4.1,2.24,126.1819,29.07,1726.34
2022-10-05,1.54,3.76,4.15,2.22,126.8616,28.55,1716.25
2022-10-06,1.61,3.83,4.23,2.22,127.2493,30.52,1712.49
2022-10-07,1.62,3.89,4.3,2.27,127.3111,31.36,1694.8
2022-10-10,1.62,3.89,4.3,2.27,127.3111,32.45,1668.03
2022-10-11,1.62,3.93,4.3,2.31,127.6641,33.63,1666.1
2022-10-12,1.62,3.91,4.28,2.29,128.1481,33.57,1673.12
2022-10-13,1.63,3.97,4.47,2.34,127.7286,31.94,1666.19
2022-10-14,1.59,4.0,4.48,2.41,128.3325,32.02,1644.29
2022-10-17,1.57,4.02,4.45,2.45,127.6448,31.37,1650.57
2022-10-18,1.6,4.01,4.43,2.41,127.9153,30.5,1651.92
2022-10-19,1.72,4.14,4.55,2.42,128.3968,30.76,1629.01
2022-10-20,1.73,4.24,4.62,2.51,128.0052,29.98,1628.03
2022-10-21,1.69,4.21,4.49,2.52,127.6735,29.69,1657.33
2022-10-24,1.66,4.25,4.5,2.59,128.0304,29.85,1649.36
2022-10-25,1.59,4.1,4.42,2.51,127.3771,28.46,1653.08
2022-10-26,1.6,4.04,4.39,2.44,126.4723,27.28,1664.62
2022-10-27,1.51,3.96,4.3,2.45,126.7028,27.39,1663.26
2022-10-28,1.51,4.02,4.41,2.51,127.2135,25.75,1644.6
2022-10-31,1.58,4.1,4.51,2.52,127.6219,25.88,1633.56
2022-11-01,1.56,4.07,4.54,2.51,127.3987,25.81,1647.66
2022-11-02,1.57,4.1,4.61,2.53,127.3115,25.86,1635.07
2022-11-03,1.74,4.14,4.71,2.4,128.1743,25.3,1629.55
2022-11-04,1.69,4.17,4.66,2.48,127.1468,24.55,1680.79
2022-11-07,1.69,4.22,4.72,2.53,126.3062,24.35,1675.31
2022-11-08,1.64,4.14,4.67,2.5,125.633,25.54,1712.33
2022-11-09,1.7,4.12,4.61,2.42,125.9861,26.09,1706.92
2022-11-10,1.43,3.82,4.34,2.39,124.7044,23.53,1755.48
2022-11-11,1.43,3.82,4.34,2.39,124.7044,22.52,1770.15
2022-11-14,1.51,3.88,4.4,2.37,123.4277,23.73,1771.09
2022-11-15,1.45,3.8,4.37,2.35,123.039,24.54,1778.72
2022-11-16,1.38,3.67,4.35,2.29,123.2817,24.11,1773.79
2022-11-17,1.49,3.77,4.43,2.28,123.977,23.93,1760.17
2022-11-18,1.57,3.82,4.51,2.25,123.8524,23.12,1750.97
2022-11-21,1.52,3.83,4.48,2.31,124.7009,22.36,1737.75
2022-11-22,1.44,3.76,4.47,2.32,124.2365,21.29,1739.97
2022-11-23,1.39,3.71,4.46,2.32,123.7574,20.35,1749.4
2022-11-24,1.39,3.71,4.46,2.32,123.7574,20.42,1755.38
2022-11-25,1.36,3.68,4.42,2.32,123.3386,20.5,1754.65
2022-11-28,1.43,3.69,4.46,2.26,123.6032,22.21,1741.5
2022-11-29,1.5,3.75,4.48,2.25,123.6615,21.89,1749.67
2022-11-30,1.34,3.68,4.38,2.34,123.5175,20.58,1768.39
2022-12-01,1.17,3.53,4.25,2.36,122.0045,19.84,1802.86
2022-12-02,1.08,3.51,4.28,2.43,122.0102,19.06,1798.52
2022-12-05,1.21,3.6,4.41,2.39,122.6384,20.75,1768.65
2022-12-06,1.2,3.51,4.34,2.31,123.0191,22.17,1770.99
2022-12-07,1.16,3.42,4.26,2.26,122.7608,22.68,1785.98
2022-12-08,1.2,3.48,4.31,2.28,122.4152,22.29,1788.98
2022-12-09,1.31,3.57,4.33,2.26,122.4201,22.83,1797.26
2022-12-12,1.33,3.61,4.39,2.28,122.7714,25.0,1781.27
2022-12-13,1.27,3.51,4.22,2.24,121.8493,22.55,1810.51
2022-12-14,1.3,3.49,4.23,2.19,121.8226,21.14,1807.2
2022-12-15,1.28,3.44,4.23,2.16,122.5519,22.83,1776.8
2022-12-16,1.35,3.48,4.17,2.13,122.6505,22.62,1792.92
2022-12-19,1.42,3.57,4.25,2.15,122.5275,22.42,1787.65
2022-12-20,1.45,3.69,4.25,2.24,122.1357,21.48,1817.67
2022-12-21,1.41,3.68,4.21,2.27,122.2828,20.07,1814.15
2022-12-22,1.48,3.67,4.24,2.19,122.2419,21.97,1792.4
2022-12-23,1.55,3.75,4.31,2.2,121.9743,20.87,1798.46
2022-12-27,1.58,3.84,4.32,2.26,121.7539,21.65,1813.47
2022-12-28,1.6,3.88,4.31,2.28,122.0075,22.14,1804.21
2022-12-29,1.56,3.83,4.34,2.27,121.6577,21.44,1814.79
2022-12-30,1.58,3.88,4.41,2.3,121.4256,21.67,1823.73
2023-01-03,1.53,3.79,4.4,2.26,122.0905,22.9,1839.47
2023-01-04,1.47,3.69,4.36,2.22,121.5008,22.01,1854.68
2023-01-05,1.49,3.71,4.45,2.22,122.1017,22.46,1832.92
2023-01-06,1.34,3.55,4.24,2.21,121.0852,21.13,1865.84
2023-01-09,1.31,3.53,4.19,2.22,120.1508,21.97,1871.67
2023-01-10,1.37,3.61,4.24,2.24,120.2483,20.58,1876.91
2023-01-11,1.31,3.54,4.2,2.23,120.1614,21.09,1875.65
2023-01-12,1.22,3.43,4.12,2.21,119.4218,18.83,1896.75
2023-01-13,1.31,3.49,4.22,2.18,119.1673,18.35,1920.39
2023-01-16,1.31,3.49,4.22,2.18,119.1673,19.49,1915.46
2023-01-17,1.36,3.53,4.18,2.17,119.2121,19.36,1908.59
2023-01-18,1.25,3.37,4.06,2.12,119.0755,20.34,1904.16
2023-01-19,1.19,3.39,4.09,2.2,119.6107,20.52,1932.12
2023-01-20,1.25,3.48,4.14,2.23,119.3486,19.85,1926.48
2023-01-23,1.24,3.52,4.21,2.28,119.1434,19.81,1930.85
2023-01-24,1.19,3.46,4.12,2.27,119.0958,19.2,1937.26
2023-01-25,1.17,3.46,4.11,2.29,118.9686,19.08,1946.08
2023-01-26,1.16,3.49,4.17,2.33,119.021,18.73,1928.94
2023-01-27,1.19,3.52,4.19,2.33,118.9223,18.51,1928.32
2023-01-30,1.26,3.55,4.25,2.29,118.8953,19.94,1923.23
2023-01-31,1.28,3.52,4.21,2.24,118.9802,19.4,1928.1
2023-02-01,1.14,3.39,4.09,2.25,118.6259,17.87,1950.06
2023-02-02,1.18,3.4,4.09,2.22,118.3421,18.73,1912.6
2023-02-03,1.31,3.53,4.3,2.22,119.5095,18.33,1865.75
2023-02-06,1.38,3.63,4.44,2.25,120.541,19.43,1867.65
2023-02-07,1.36,3.67,4.47,2.31,120.3475,18.66,1873.63
2023-02-08,1.29,3.63,4.45,2.34,120.1436,19.63,1875.55
2023-02-09,1.34,3.67,4.48,2.33,119.9781,20.71,1861.59
2023-02-10,1.41,3.74,4.5,2.33,120.1419,20.53,1865.44
2023-02-13,1.41,3.72,4.52,2.31,119.9828,20.34,1853.41
2023-02-14,1.46,3.77,4.6,2.31,119.9229,18.91,1854.36
2023-02-15,1.46,3.81,4.62,2.35,120.4557,18.23,1835.85
2023-02-16,1.49,3.86,4.62,2.37,120.4651,20.17,1836.43
2023-02-17,1.46,3.82,4.6,2.36,120.5526,20.02,1841.94
2023-02-20,1.46,3.82,4.6,2.36,120.5526,21.23,1841.28
2023-02-21,1.53,3.95,4.67,2.42,120.6256,22.87,1834.87
2023-02-22,1.52,3.93,4.66,2.41,120.8389,22.29,1825.2
2023-02-23,1.49,3.88,4.66,2.39,121.0896,21.14,1822.27
2023-02-24,1.57,3.95,4.78,2.38,121.5681,21.67,1810.75
2023-02-27,1.56,3.92,4.78,2.36,121.3941,20.95,1817.25
2023-02-28,1.49,3.92,4.81,2.43,121.3341,20.7,1826.5
2023-03-01,1.57,4.01,4.89,2.44,120.6347,20.58,1836.56
2023-03-02,1.6,4.08,4.89,2.48,121.1302,19.59,1835.6
2023-03-03,1.45,3.97,4.86,2.52,120.7742,18.49,1855.1
2023-03-06,1.49,3.98,4.89,2.49,120.485,18.61,1846.61
2023-03-07,1.59,3.97,5.0,2.38,121.4623,19.59,1813.05
2023-03-08,1.66,3.98,5.05,2.32,121.4511,19.11,1813.72
2023-03-09,1.63,3.93,4.9,2.3,121.4458,22.61,1830.77
2023-03-10,1.44,3.7,4.6,2.26,121.2421,24.8,1867.14
2023-03-13,1.31,3.55,4.03,2.24,120.8897,26.52,1913.56
2023-03-14,1.33,3.64,4.2,2.31,121.0141,23.73,1903.86
2023-03-15,1.22,3.51,3.93,2.29,122.1079,26.14,1918.01
2023-03-16,1.34,3.56,4.14,2.22,121.7221,22.99,1919.34
2023-03-17,1.29,3.39,3.81,2.1,121.5643,25.51,1987.68
2023-03-20,1.33,3.47,3.92,2.14,121.0141,24.15,1978.64
2023-03-21,1.36,3.59,4.17,2.23,120.8958,21.38,1940.53
2023-03-22,1.2,3.48,3.96,2.28,120.6217,22.26,1969.79
2023-03-23,1.19,3.38,3.76,2.19,119.7587,22.61,1993.97
2023-03-24,1.16,3.38,3.76,2.22,120.4598,21.74,1978.55
2023-03-27,1.29,3.53,3.94,2.24,120.2541,20.6,1956.35
2023-03-28,1.24,3.55,4.02,2.31,119.7138,19.97,1973.52
2023-03-29,1.24,3.57,4.08,2.33,119.7258,19.12,1964.37
2023-03-30,1.21,3.55,4.1,2.34,119.4078,19.02,1980.21
2023-03-31,1.16,3.48,4.06,2.32,119.3602,18.7,1969.22
2023-04-03,1.14,3.43,3.97,2.29,119.3204,18.55,1984.35
2023-04-04,1.1,3.35,3.84,2.25,119.142,19.0,2020.53
2023-04-05,1.07,3.3,3.79,2.23,119.2953,19.08,2020.66
2023-04-06,1.06,3.3,3.82,2.24,119.3072,18.4,2007.32
2023-04-10,1.14,3.41,4.0,2.27,119.7948,18.97,1991.18
2023-04-11,1.14,3.43,4.03,2.29,119.5248,19.1,2003.52
2023-04-12,1.14,3.41,3.95,2.27,119.003,19.09,2014.77
2023-04-13,1.16,3.45,3.96,2.29,118.3915,17.8,2040.1
2023-04-14,1.22,3.52,4.08,2.3,118.8567,17.07,2004.42
2023-04-17,1.28,3.6,4.18,2.32,119.2787,16.95,1995.08
2023-04-18,1.3,3.58,4.19,2.28,119.1049,16.83,2005.21
2023-04-19,1.32,3.6,4.24,2.28,119.303,16.46,1994.67
2023-04-20,1.28,3.54,4.14,2.26,119.1199,17.17,2004.7
2023-04-21,1.29,3.57,4.17,2.28,119.3117,16.77,1982.84
2023-04-24,1.24,3.52,4.12,2.28,119.2039,16.89,1989.05
2023-04-25,1.15,3.4,3.86,2.25,119.613,18.76,1997.06
2023-04-26,1.18,3.43,3.9,2.25,119.3228,18.84,1989.29
2023-04-27,1.26,3.53,4.07,2.27,119.4298,17.03,1987.74
2023-04-28,1.26,3.44,4.04,2.18,119.2248,15.78,1989.55
2023-05-01,1.36,3.59,4.14,2.23,119.4435,16.08,1982.44
2023-05-02,1.24,3.44,3.97,2.2,119.6105,17.78,2016.53
2023-05-03,1.18,3.38,3.89,2.2,119.1233,18.34,2038.52
2023-05-04,1.18,3.37,3.75,2.19,119.0465,20.09,2050.15
2023-05-05,1.23,3.44,3.92,2.21,118.5548,17.19,2016.54
2023-05-08,1.29,3.52,4.0,2.23,118.5759,16.98,2021.36
2023-05-09,1.3,3.53,4.01,2.23,118.8239,17.71,2034.42
2023-05-10,1.26,3.43,3.9,2.17,118.5864,16.94,2030.1
2023-05-11,1.23,3.39,3.89,2.16,119.0303,16.93,2014.95
2023-05-12,1.28,3.46,3.98,2.18,119.3671,17.03,2010.91
2023-05-15,1.31,3.5,3.99,2.19,119.1608,17.12,2016.32
2023-05-16,1.35,3.54,4.06,2.19,119.1743,17.99,1988.81
2023-05-17,1.35,3.57,4.12,2.22,119.607,16.87,1981.41
2023-05-18,1.42,3.65,4.24,2.23,120.0886,16.05,1957.39
2023-05-19,1.46,3.7,4.28,2.24,119.7751,16.81,1977.5
2023-05-22,1.48,3.72,4.29,2.24,120.0875,17.21,1971.73
2023-05-23,1.44,3.7,4.26,2.26,120.3204,18.53,1974.88
2023-05-24,1.48,3.73,4.31,2.25,120.4752,20.03,1957.24
2023-05-25,1.58,3.83,4.5,2.25,120.8413,19.14,1940.69
2023-05-26,1.57,3.8,4.54,2.23,120.6304,17.95,1946.72
2023-05-29,1.57,3.8,4.54,2.23,120.6304,17.46,1943.58
2023-05-30,1.47,3.69,4.46,2.22,120.5546,17.46,1959.17
2023-05-31,1.46,3.64,4.4,2.18,120.9662,17.94,1962.6
2023-06-01,1.45,3.61,4.33,2.16,120.0491,15.65,1977.4
2023-06-02,1.51,3.69,4.5,2.18,120.0049,14.6,1947.62
2023-06-05,1.5,3.69,4.46,2.19,120.0048,14.73,1961.7
2023-06-06,1.5,3.7,4.51,2.2,119.9718,13.96,1963.23
2023-06-07,1.58,3.79,4.56,2.21,119.859,13.94,1939.87
2023-06-08,1.53,3.73,4.52,2.2,119.5712,13.65,1965.44
2023-06-09,1.55,3.75,4.59,2.2,119.4322,13.83,1960.46
2023-06-12,1.56,3.73,4.55,2.17,119.6376,15.01,1957.34
2023-06-13,1.64,3.84,4.67,2.2,119.1899,14.61,1943.44
2023-06-14,1.62,3.83,4.74,2.21,118.776,13.88,1941.74
2023-06-15,1.51,3.72,4.62,2.21,118.5521,14.5,1957.96
2023-06-16,1.55,3.77,4.7,2.22,118.4184,13.54,1957.28
2023-06-19,1.55,3.77,4.7,2.22,118.4184,14.19,1950.5
2023-06-20,1.52,3.74,4.68,2.22,118.938,13.88,1936.17
2023-06-21,1.51,3.72,4.68,2.21,118.727,13.2,1932.6
2023-06-22,1.56,3.8,4.77,2.24,118.7552,12.91,1913.68
2023-06-23,1.53,3.74,4.71,2.21,119.152,13.44,1920.85
2023-06-26,1.54,3.72,4.65,2.18,119.0761,14.25,1923.14
2023-06-27,1.57,3.77,4.74,2.2,118.8949,13.74,1913.62
2023-06-28,1.53,3.71,4.71,2.18,119.3382,13.43,1907.28
2023-06-29,1.65,3.85,4.87,2.2,119.527,13.54,1908.25
2023-06-30,1.59,3.81,4.87,2.22,119.3606,13.59,1919.17
2023-07-03,1.61,3.86,4.94,2.25,119.2119,13.57,1921.48
2023-07-04,1.61,3.86,4.94,2.25,119.2119,13.7,1925.88
2023-07-05,1.69,3.95,4.94,2.26,119.3483,14.18,1915.16
2023-07-06,1.78,4.05,4.99,2.27,119.8193,15.44,1910.93
2023-07-07,1.79,4.06,4.94,2.27,119.0761,14.83,1925.31
2023-07-10,1.76,4.01,4.85,2.25,118.9548,15.07,1925.28
2023-07-11,1.75,3.99,4.88,2.24,118.7344,14.84,1932.09
2023-07-12,1.6,3.86,4.72,2.26,117.6385,13.54,1957.35
2023-07-13,1.52,3.76,4.59,2.24,117.1831,13.61,1960.39
2023-07-14,1.59,3.83,4.74,2.24,117.0463,13.34,1955.45
2023-07-17,1.56,3.81,4.74,2.25,117.1267,13.48,1954.92
2023-07-18,1.57,3.8,4.74,2.23,117.0264,13.3,1978.74
2023-07-19,1.53,3.75,4.74,2.22,117.3462,13.76,1976.97
2023-07-20,1.5,3.85,4.8,2.35,117.5947,13.99,1969.5
2023-07-21,1.49,3.84,4.82,2.35,117.9418,13.6,1961.84
2023-07-24,1.48,3.86,4.81,2.38,117.8124,13.91,1954.87
2023-07-25,1.52,3.91,4.85,2.39,117.8565,13.86,1964.85
2023-07-26,1.5,3.86,4.82,2.36,117.76,13.19,1972.27
2023-07-27,1.64,4.01,4.91,2.37,117.8938,14.41,1945.52
2023-07-28,1.58,3.96,4.87,2.38,117.788,13.33,1959.15
2023-07-31,1.6,3.97,4.88,2.37,117.8241,13.63,1965.52
2023-08-01,1.68,4.05,4.92,2.37,118.5738,13.93,1944.19
2023-08-02,1.72,4.08,4.88,2.36,119.1268,16.09,1934.87
2023-08-03,1.83,4.2,4.9,2.37,119.3963,15.92,1933.98
2023-08-04,1.67,4.05,4.78,2.38,118.821,17.1,1942.65
2023-08-07,1.68,4.09,4.76,2.41,119.0809,15.77,1936.52
2023-08-08,1.66,4.02,4.74,2.36,119.6407,15.99,1925.22
2023-08-09,1.66,4.0,4.79,2.34,119.476,15.96,1914.7
2023-08-10,1.76,4.09,4.82,2.33,119.1581,15.85,1912.33
2023-08-11,1.8,4.16,4.89,2.36,119.6268,14.84,1913.62
2023-08-14,1.83,4.19,4.96,2.36,120.0725,14.82,1907.42
2023-08-15,1.89,4.21,4.92,2.32,120.2127,16.46,1901.85
2023-08-16,1.96,4.28,4.97,2.32,120.3551,16.78,1891.92
2023-08-17,1.97,4.3,4.94,2.33,120.5242,17.89,1889.33
2023-08-18,1.94,4.26,4.92,2.32,120.4321,17.3,1889.37
2023-08-21,2.0,4.34,4.97,2.34,120.4627,17.13,1894.67
2023-08-22,1.99,4.34,5.02,2.35,120.3554,16.97,1897.38
2023-08-23,1.84,4.19,4.95,2.35,120.0307,15.98,1915.38
2023-08-24,1.91,4.23,4.98,2.32,120.2354,17.2,1916.69
2023-08-25,1.92,4.25,5.03,2.33,120.5137,15.68,1914.21
2023-08-28,1.9,4.2,4.98,2.3,120.3155,15.08,1920.06
2023-08-29,1.83,4.12,4.87,2.29,120.2669,14.45,1937.32
2023-08-30,1.86,4.12,4.9,2.26,119.7937,13.88,1942.42
2023-08-31,1.85,4.09,4.85,2.24,120.225,13.57,1940.06
2023-09-01,1.92,4.18,4.87,2.26,120.759,13.09,1939.85
2023-09-04,1.92,4.18,4.87,2.26,120.759,13.82,1938.58
2023-09-05,1.98,4.27,4.94,2.29,121.4345,14.01,1925.97
2023-09-06,2.0,4.3,5.01,2.3,121.8671,14.45,1916.42
2023-09-07,1.95,4.27,4.94,2.32,121.9528,14.4,1919.62
2023-09-08,1.93,4.26,4.98,2.33,121.9475,13.84,1919.13
2023-09-11,1.94,4.29,4.97,2.35,121.3386,13.8,1922.33
2023-09-12,1.93,4.27,4.98,2.34,121.2913,14.23,1913.34
2023-09-13,1.9,4.25,4.96,2.35,121.0549,13.48,1908.15
2023-09-14,1.95,4.29,5.0,2.34,121.2395,12.82,1910.51
2023-09-15,1.98,4.33,5.02,2.35,121.199,13.79,1923.68
2023-09-18,1.96,4.32,5.05,2.36,121.1938,14.0,1933.61
2023-09-19,2.0,4.37,5.08,2.37,121.1645,14.11,1931.32
2023-09-20,2.0,4.35,5.12,2.35,120.9648,15.14,1930.36
2023-09-21,2.11,4.49,5.12,2.38,121.5528,17.54,1919.94
2023-09-22,2.07,4.44,5.1,2.37,121.5306,17.2,1925.25
2023-09-25,2.18,4.55,5.09,2.37,122.1143,16.9,1915.78
2023-09-26,2.23,4.56,5.04,2.33,122.4742,18.94,1900.58
2023-09-27,2.27,4.61,5.1,2.34,122.9895,18.22,1874.99
2023-09-28,2.2,4.59,5.04,2.39,122.5342,17.34,1864.8
2023-09-29,2.24,4.59,5.03,2.35,122.3077,17.52,1848.74
2023-10-02,2.34,4.69,5.12,2.35,123.0545,17.61,1827.77
2023-10-03,2.45,4.81,5.15,2.36,123.7848,19.78,1822.94
2023-10-04,2.4,4.73,5.05,2.33,123.5946,18.58,1821.1
2023-10-05,2.41,4.72,5.03,2.31,123.8993,18.49,1820.24
2023-10-06,2.47,4.78,5.08,2.31,123.3563,17.45,1831.84
2023-10-09,2.47,4.78,5.08,2.31,123.3563,17.7,1861.35
2023-10-10,2.34,4.66,4.96,2.32,122.9282,17.03,1860.42
2023-10-11,2.26,4.58,4.99,2.32,122.7697,16.09,1874.27
2023-10-12,2.36,4.7,5.06,2.34,123.2101,16.69,1868.73
2023-10-13,2.29,4.63,5.04,2.34,123.5954,19.32,1932.41
2023-10-16,2.33,4.71,5.09,2.38,123.3185,17.21,1920.06
2023-10-17,2.42,4.83,5.19,2.41,123.1202,17.88,1923.05
2023-10-18,2.47,4.91,5.19,2.44,123.8148,19.22,1947.62
2023-10-19,2.49,4.98,5.14,2.49,123.798,21.4,1974.28
2023-10-20,2.46,4.93,5.07,2.47,123.612,21.71,1980.9
2023-10-23,2.45,4.86,5.05,2.41,123.2846,20.37,1972.74
2023-10-24,2.43,4.83,5.02,2.4,123.6416,18.97,1971.03
2023-10-25,2.52,4.95,5.08,2.43,123.7871,20.19,1979.45
2023-10-26,2.44,4.86,5.02,2.42,124.0064,20.68,1984.73
2023-10-27,2.42,4.84,4.99,2.42,123.62,21.27,2005.91
2023-10-30,2.44,4.88,5.03,2.44,123.4076,19.75,1996.15
2023-10-31,2.46,4.88,5.07,2.42,123.8364,18.14,1983.97
2023-11-01,2.36,4.77,4.95,2.41,123.7922,16.87,1982.67
2023-11-02,2.27,4.67,4.98,2.4,122.8818,15.66,1985.77
2023-11-03,2.18,4.57,4.83,2.39,121.7564,14.91,1992.52
2023-11-06,2.25,4.67,4.93,2.42,121.6484,14.89,1977.82
2023-11-07,2.19,4.58,4.91,2.39,122.0777,14.81,1969.03
2023-11-08,2.15,4.49,4.93,2.34,122.0926,14.45,1950.2
2023-11-09,2.29,4.62,5.03,2.33,122.1281,15.29,1958.41
2023-11-10,2.29,4.61,5.04,2.32,122.1281,14.17,1938.62
2023-11-13,2.32,4.63,5.02,2.31,122.4264,14.76,1946.11
2023-11-14,2.16,4.44,4.8,2.28,121.35,14.16,1963.16
2023-11-15,2.22,4.53,4.9,2.31,121.0749,14.18,1959.19
2023-11-16,2.18,4.45,4.83,2.27,121.1754,14.32,1981.1
2023-11-17,2.16,4.44,4.88,2.28,120.8477,13.8,1980.56
2023-11-20,2.12,4.42,4.89,2.3,120.2533,13.41,1977.65
2023-11-21,2.16,4.41,4.86,2.25,120.2241,13.35,1998.26
2023-11-22,2.16,4.42,4.89,2.26,120.6802,12.85,1989.81
2023-11-23,2.16,4.42,4.89,2.26,120.6802,12.8,1992.74
2023-11-24,2.21,4.47,4.92,2.26,120.2105,12.46,2002.48
2023-11-27,2.18,4.39,4.84,2.21,120.173,12.69,2014.18
2023-11-28,2.12,4.34,4.73,2.22,119.5904,12.69,2041.07
2023-11-29,2.06,4.27,4.64,2.21,119.8159,12.98,2044.15
2023-11-30,2.14,4.37,4.73,2.23,120.2434,12.92,2036.09
2023-12-01,2.0,4.22,4.56,2.22,119.9424,12.63,2071.63
2023-12-04,2.07,4.28,4.64,2.21,120.4727,13.08,2028.89
2023-12-05,2.01,4.18,4.57,2.17,120.7913,12.85,2019.36
2023-12-06,1.98,4.12,4.6,2.14,120.5334,12.97,2025.26
2023-12-07,1.97,4.14,4.58,2.17,120.6013,13.06,2028.54
2023-12-08,2.02,4.23,4.71,2.21,120.7607,12.35,2004.08
2023-12-11,2.04,4.23,4.71,2.19,120.9279,12.63,1981.69
2023-12-12,2.04,4.2,4.73,2.16,120.6817,12.07,1979.3
2023-12-13,1.88,4.04,4.46,2.16,121.1571,12.19,2027.23
2023-12-14,1.7,3.92,4.37,2.22,119.5683,12.48,2036.2
2023-12-15,1.69,3.91,4.44,2.22,119.7382,12.28,2019.02
2023-12-18,1.74,3.95,4.43,2.21,119.9102,12.56,2027.21
2023-12-19,1.74,3.93,4.41,2.19,119.4632,12.53,2040.13
2023-12-20,1.67,3.86,4.34,2.19,119.5435,13.67,2031.3
2023-12-21,1.7,3.89,4.33,2.19,119.3168,13.65,2045.78
2023-12-22,1.71,3.9,4.31,2.19,119.0625,13.03,2052.75
2023-12-26,1.71,3.89,4.26,2.18,118.8875,12.99,2067.54
2023-12-27,1.64,3.79,4.2,2.15,118.4729,12.43,2077.49
2023-12-28,1.68,3.84,4.26,2.16,118.4104,12.47,2065.25
2023-12-29,1.72,3.88,4.23,2.16,118.4208,12.45,2063.03
2024-01-02,1.74,3.95,4.33,2.21,119.2686,13.2,2058.91
2024-01-03,1.71,3.91,4.33,2.2,119.6958,14.04,2041.27
2024-01-04,1.77,3.99,4.38,2.22,119.6208,14.13,2043.28
2024-01-05,1.83,4.05,4.4,2.22,119.388,13.35,2045.3
2024-01-08,1.79,4.01,4.36,2.22,119.2506,13.08,2028.18
2024-01-09,1.8,4.02,4.36,2.22,119.6666,12.76,2030.21
2024-01-10,1.82,4.04,4.37,2.22,119.7614,12.69,2024.32
2024-01-11,1.76,3.98,4.26,2.22,119.8916,12.44,2028.54
2024-01-12,1.69,3.96,4.14,2.27,119.534,12.7,2048.81
2024-01-15,1.69,3.96,4.14,2.27,119.534,13.25,2054.85
2024-01-16,1.77,4.07,4.22,2.3,120.5759,13.84,2028.22
2024-01-17,1.8,4.1,4.34,2.3,121.0402,14.79,2006.11
2024-01-18,1.8,4.14,4.34,2.34,120.8895,14.13,2022.93
2024-01-19,1.81,4.15,4.39,2.34,120.6442,13.3,2029.33
2024-01-22,1.8,4.11,4.37,2.31,120.6178,13.19,2021.62
2024-01-23,1.85,4.14,4.31,2.29,121.1001,12.55,2029.23
2024-01-24,1.88,4.18,4.34,2.3,120.4916,13.14,2013.5
2024-01-25,1.85,4.14,4.28,2.29,120.8311,13.45,2020.7
2024-01-26,1.85,4.15,4.34,2.3,120.6173,13.26,2018.49
2024-01-29,1.78,4.08,4.29,2.3,120.8538,13.6,2032.7
2024-01-30,1.8,4.06,4.36,2.26,120.6025,13.31,2036.87
2024-01-31,1.73,3.99,4.27,2.26,120.4331,14.35,2039.2
2024-02-01,1.68,3.87,4.2,2.19,120.3335,13.88,2054.98
2024-02-02,1.82,4.03,4.36,2.21,120.902,13.85,2039.57
2024-02-05,1.9,4.17,4.46,2.27,121.349,13.67,2025.04
2024-02-06,1.85,4.09,4.39,2.24,120.9588,13.06,2035.86
2024-02-07,1.86,4.09,4.41,2.23,120.9049,12.83,2035.0
2024-02-08,1.91,4.15,4.46,2.24,121.0798,12.79,2034.33
2024-02-09,1.92,4.17,4.48,2.25,121.039,12.93,2024.26
2024-02-12,1.93,4.17,4.46,2.24,120.9378,13.93,2019.94
2024-02-13,2.02,4.31,4.64,2.29,121.5202,15.85,1992.95
2024-02-14,1.97,4.27,4.56,2.3,121.4002,14.38,1992.1
2024-02-15,1.94,4.24,4.56,2.3,121.2121,14.01,2004.25
2024-02-16,1.97,4.3,4.64,2.33,121.1505,14.24,2013.18
2024-02-19,1.97,4.3,4.64,2.33,121.1505,14.71,2017.99
2024-02-20,1.95,4.27,4.59,2.32,121.0199,15.42,2024.23
2024-02-21,1.98,4.32,4.64,2.34,121.0379,15.34,2025.97
2024-02-22,2.02,4.33,4.69,2.31,121.102,14.54,2024.27
2024-02-23,1.96,4.26,4.67,2.3,121.0369,13.75,2035.52
2024-02-26,1.97,4.28,4.69,2.31,121.0592,13.74,2031.16
2024-02-27,1.99,4.31,4.7,2.32,120.9647,13.43,2030.38
2024-02-28,1.94,4.27,4.64,2.33,121.128,13.84,2034.37
2024-02-29,1.92,4.25,4.64,2.33,121.1824,13.4,2044.12
2024-03-01,1.87,4.19,4.54,2.32,121.0111,13.11,2083.26
2024-03-04,1.88,4.22,4.61,2.34,120.872,13.49,2114.27
2024-03-05,1.81,4.13,4.54,2.32,120.8846,14.46,2127.84
2024-03-06,1.81,4.11,4.55,2.3,120.4649,14.5,2148.03
2024-03-07,1.81,4.09,4.5,2.28,120.1909,14.44,2159.93
2024-03-08,1.81,4.09,4.48,2.28,119.975,14.74,2178.55
2024-03-11,1.83,4.1,4.51,2.27,120.0394,15.22,2182.65
2024-03-12,1.86,4.16,4.58,2.3,120.1668,13.84,2158.13
2024-03-13,1.89,4.19,4.61,2.3,119.9642,13.75,2174.32
2024-03-14,1.99,4.29,4.68,2.3,120.241,14.4,2162.19
2024-03-15,1.99,4.31,4.72,2.32,120.4003,14.41,2155.82
2024-03-18,2.03,4.34,4.73,2.31,120.5752,14.33,2160.26
2024-03-19,2.0,4.3,4.68,2.3,120.9332,13.82,2157.48
2024-03-20,1.96,4.27,4.59,2.31,120.9289,13.04,2186.24
2024-03-21,1.93,4.27,4.62,2.34,120.8086,12.92,2181.25
2024-03-22,1.87,4.22,4.59,2.35,121.1842,13.06,2165.27
2024-03-25,1.92,4.25,4.54,2.33,121.0295,13.19,2171.73
2024-03-26,1.92,4.24,4.56,2.32,121.0742,13.24,2178.63
2024-03-27,1.88,4.2,4.54,2.32,121.0089,12.78,2194.88
2024-03-28,1.88,4.2,4.59,2.32,121.0635,13.01,2232.88
2024-04-01,1.98,4.33,4.72,2.35,121.5151,13.65,2251.31
2024-04-02,2.0,4.36,4.7,2.36,121.3035,14.61,2280.53
2024-04-03,2.0,4.36,4.68,2.36,121.0198,14.33,2299.64
2024-04-04,1.97,4.31,4.65,2.34,120.7613,16.35,2290.95
2024-04-05,2.02,4.39,4.73,2.37,120.9646,16.03,2329.28
2024-04-08,2.04,4.42,4.78,2.38,120.7359,15.19,2338.82
2024-04-09,2.0,4.36,4.74,2.36,120.7048,14.98,2352.22
2024-04-10,2.15,4.55,4.97,2.4,121.5727,15.8,2333.55
2024-04-11,2.16,4.56,4.93,2.4,121.6081,14.91,2372.41
2024-04-12,2.11,4.5,4.88,2.39,122.2885,17.31,2344.22
2024-04-15,2.2,4.63,4.93,2.43,122.425,19.23,2383.1
2024-04-16,2.24,4.67,4.97,2.43,123.1234,18.4,2382.85
2024-04-17,2.2,4.59,4.93,2.39,123.0207,18.21,2361.16
2024-04-18,2.24,4.64,4.98,2.4,123.0017,18.0,2378.86
2024-04-19,2.21,4.62,4.97,2.41,123.1075,18.71,2390.63
2024-04-22,2.21,4.62,4.97,2.41,123.0609,16.94,2327.25
2024-04-23,2.2,4.61,4.86,2.41,122.7227,15.69,2322.11
2024-04-24,2.24,4.65,4.89,2.41,122.89,15.97,2315.96
2024-04-25,2.28,4.7,4.96,2.42,122.8384,15.37,2332.37
2024-04-26,2.24,4.67,4.96,2.43,122.9471,15.03,2337.78
2024-04-29,2.22,4.63,4.97,2.41,122.5449,14.67,2335.36
2024-04-30,2.28,4.69,5.04,2.41,122.9853,15.65,2286.3
2024-05-01,2.25,4.63,4.96,2.38,123.0168,15.39,2319.48
2024-05-02,2.21,4.58,4.87,2.37,122.4384,14.68,2303.51
2024-05-03,2.15,4.5,4.81,2.35,122.1375,13.49,2301.67
2024-05-06,2.14,4.49,4.82,2.35,121.8913,13.49,2323.76
2024-05-07,2.15,4.47,4.82,2.32,122.093,13.23,2313.83
2024-05-08,2.17,4.48,4.84,2.31,122.1926,13.0,2308.83
2024-05-09,2.13,4.45,4.8,2.32,122.1634,12.69,2346.02
2024-05-10,2.16,4.5,4.87,2.34,122.014,12.55,2360.47
2024-05-13,2.15,4.48,4.85,2.33,122.0261,13.6,2336.14
2024-05-14,2.12,4.45,4.81,2.33,121.9256,13.42,2358.0
2024-05-15,2.05,4.36,4.73,2.31,121.3543,12.45,2385.76
2024-05-16,2.07,4.38,4.78,2.31,121.2236,12.42,2376.72
2024-05-17,2.1,4.42,4.83,2.32,121.2354,11.99,2413.84
2024-05-20,2.11,4.44,4.82,2.33,121.2289,12.15,2426.22
2024-05-21,2.09,4.41,4.82,2.32,121.3793,11.86,2420.88
2024-05-22,2.1,4.43,4.86,2.33,121.5462,12.29,2378.58
2024-05-23,2.17,4.47,4.91,2.3,121.7477,12.77,2328.55
2024-05-24,2.14,4.46,4.93,2.32,121.6172,11.93,2333.86
2024-05-27,2.14,4.46,4.93,2.32,121.6172,12.36,2351.12
2024-05-28,2.2,4.54,4.94,2.34,121.43,12.92,2361.13
2024-05-29,2.25,4.61,4.96,2.36,122.1641,14.28,2338.0
2024-05-30,2.19,4.55,4.92,2.36,121.9601,14.47,2342.98
2024-05-31,2.16,4.51,4.89,2.35,122.098,12.92,2327.46
2024-06-03,2.08,4.41,4.82,2.33,122.3509,13.11,2350.45
2024-06-04,2.02,4.33,4.77,2.31,122.7256,13.16,2326.79
2024-06-05,1.99,4.29,4.72,2.3,122.5339,12.63,2355.13
2024-06-06,2.0,4.28,4.72,2.28,122.3713,12.58,2375.68
2024-06-07,2.13,4.43,4.87,2.3,123.549,12.22,2293.38
2024-06-10,2.16,4.47,4.87,2.31,123.9125,12.74,2310.86
2024-06-11,2.12,4.39,4.81,2.27,124.0349,12.85,2316.73
2024-06-12,2.09,4.31,4.75,2.22,123.8295,12.04,2324.88
2024-06-13,2.03,4.24,4.68,2.21,124.0235,11.94,2303.85
2024-06-14,2.03,4.2,4.67,2.17,124.1694,12.66,2332.6
2024-06-17,2.06,4.28,4.75,2.22,124.239,12.75,2318.96
2024-06-18,2.01,4.22,4.69,2.21,123.9776,12.3,2329.34
2024-06-19,2.01,4.22,4.69,2.21,123.9776,12.48,2328.24
2024-06-20,2.0,4.25,4.7,2.25,124.192,13.28,2360.02
2024-06-21,2.02,4.25,4.7,2.23,124.1086,13.2,2321.42
2024-06-24,2.03,4.25,4.71,2.22,123.7125,13.33,2334.43
2024-06-25,2.01,4.23,4.65,2.22,123.9417,12.84,2319.51
2024-06-26,2.06,4.32,4.71,2.26,124.26,12.55,2298.06
2024-06-27,2.03,4.29,4.7,2.26,124.3379,12.24,2327.48
2024-06-28,2.08,4.36,4.71,2.28,124.2103,12.44,2326.4
2024-07-01,2.16,4.48,4.77,2.32,124.4667,12.22,2331.72
2024-07-02,2.13,4.43,4.74,2.3,124.2917,12.03,2329.35
2024-07-03,2.09,4.36,4.71,2.27,123.7768,12.09,2356.07
2024-07-04,2.09,4.36,4.71,2.27,123.7768,12.26,2356.95
2024-07-05,2.0,4.28,4.6,2.28,123.4762,12.48,2391.06
2024-07-08,2.01,4.28,4.62,2.27,123.3576,12.37,2359.09
2024-07-09,2.04,4.3,4.62,2.26,123.4071,12.51,2363.73
2024-07-10,2.01,4.28,4.62,2.27,123.1895,12.85,2371.26
2024-07-11,1.95,4.2,4.5,2.25,122.769,12.92,2415.32
2024-07-12,1.94,4.18,4.45,2.24,122.4404,12.46,2411.59
2024-07-15,1.96,4.23,4.44,2.27,122.6347,13.12,2422.23
2024-07-16,1.91,4.17,4.43,2.26,122.7264,13.19,2468.69
2024-07-17,1.9,4.16,4.42,2.26,122.518,14.48,2458.66
2024-07-18,1.89,4.2,4.46,2.31,122.7909,15.93,2445.08
2024-07-19,1.93,4.25,4.49,2.32,123.147,16.52,2400.3
2024-07-22,1.96,4.26,4.5,2.3,123.2172,14.91,2396.35
2024-07-23,1.96,4.25,4.4,2.29,123.3843,14.72,2409.53
2024-07-24,2.0,4.28,4.37,2.28,123.5575,18.04,2397.23
2024-07-25,1.99,4.27,4.41,2.28,123.5286,18.46,2364.49
2024-07-26,1.93,4.2,4.36,2.27,123.672,16.39,2387.34
2024-07-29,1.92,4.17,4.36,2.25,124.1392,16.6,2383.5
2024-07-30,1.9,4.15,4.35,2.25,124.2855,17.69,2410.92
2024-07-31,1.85,4.09,4.29,2.24,123.6373,16.36,2447.24
2024-08-01,1.79,3.99,4.16,2.2,123.8693,18.59,2446.3
2024-08-02,1.76,3.8,3.88,2.04,123.4681,23.39,2441.38
2024-08-05,1.71,3.78,3.89,2.07,123.5787,38.57,2409.96
2024-08-06,1.78,3.9,3.99,2.12,123.6532,27.71,2389.9
2024-08-07,1.85,3.96,4.0,2.11,123.5698,27.85,2383.06
2024-08-08,1.87,3.99,4.04,2.12,123.4466,23.79,2427.18
2024-08-09,1.84,3.94,4.05,2.1,122.9276,20.37,2431.07
2024-08-12,1.79,3.9,4.01,2.11,123.2204,20.71,2472.03
2024-08-13,1.76,3.85,3.93,2.09,123.0146,18.12,2464.98
2024-08-14,1.77,3.83,3.94,2.06,122.4297,16.19,2447.92
2024-08-15,1.8,3.92,4.08,2.12,122.5844,15.23,2456.24
2024-08-16,1.81,3.89,4.06,2.08,122.3972,14.8,2507.46
2024-08-19,1.79,3.86,4.06,2.07,121.8788,14.65,2504.23
2024-08-20,1.75,3.82,3.99,2.07,121.7728,15.88,2514.01
2024-08-21,1.72,3.79,3.92,2.07,121.8535,16.27,2512.3
2024-08-22,1.76,3.86,3.99,2.1,122.3626,17.55,2484.73
2024-08-23,1.68,3.81,3.9,2.13,121.4597,15.86,2511.93
2024-08-26,1.67,3.82,3.91,2.15,121.6943,16.15,2517.91
2024-08-27,1.68,3.83,3.83,2.15,121.8672,15.43,2524.59
2024-08-28,1.69,3.84,3.83,2.15,121.8943,17.11,2504.67
2024-08-29,1.71,3.87,3.87,2.16,122.2333,15.65,2521.09
2024-08-30,1.76,3.91,3.91,2.15,122.3262,15.0,2503.35
2024-09-02,1.76,3.91,3.91,2.15,122.3262,15.55,2499.61
2024-09-03,1.73,3.84,3.88,2.11,122.7811,20.72,2492.86
2024-09-04,1.7,3.77,3.76,2.07,122.5144,21.32,2495.45
2024-09-05,1.7,3.73,3.75,2.03,122.4533,19.9,2516.63
2024-09-06,1.69,3.72,3.66,2.03,122.4991,22.38,2497.61
2024-09-09,1.66,3.7,3.68,2.04,122.7156,19.45,2506.14
2024-09-10,1.63,3.65,3.59,2.02,123.0071,19.08,2516.54
2024-09-11,1.61,3.65,3.62,2.04,122.7754,17.69,2511.42
2024-09-12,1.63,3.68,3.64,2.05,122.4423,17.07,2558.6
2024-09-13,1.58,3.66,3.57,2.08,121.6551,16.56,2578.38
2024-09-16,1.54,3.63,3.56,2.09,121.4976,17.14,2582.42
2024-09-17,1.53,3.65,3.59,2.12,121.6031,17.61,2569.45
2024-09-18,1.58,3.7,3.61,2.12,121.5618,18.23,2559.27
2024-09-19,1.56,3.73,3.59,2.17,121.3059,16.33,2586.61
2024-09-20,1.58,3.73,3.55,2.15,121.4052,16.15,2622.26
2024-09-23,1.58,3.75,3.57,2.17,121.4303,15.89,2628.39
2024-09-24,1.55,3.74,3.49,2.19,121.1291,15.39,2656.99
2024-09-25,1.61,3.79,3.53,2.18,121.4447,15.41,2657.02
2024-09-26,1.63,3.79,3.6,2.16,121.0785,15.37,2672.23
2024-09-27,1.6,3.75,3.55,2.15,121.1111,16.96,2659.81
2024-09-30,1.63,3.81,3.66,2.18,121.2864,16.73,2634.53
2024-10-01,1.55,3.74,3.61,2.19,121.6881,19.26,2663.37
2024-10-02,1.58,3.79,3.63,2.21,121.5724,18.9,2658.67
2024-10-03,1.64,3.85,3.7,2.21,122.1197,20.49,2656.01
2024-10-04,1.75,3.98,3.93,2.23,122.2197,19.21,2653.57
2024-10-07,1.76,4.03,3.99,2.27,122.4241,22.64,2642.51
2024-10-08,1.77,4.04,3.98,2.27,122.6625,21.42,2621.85
2024-10-09,1.77,4.06,3.99,2.29,122.8821,20.86,2607.68
2024-10-10,1.76,4.09,3.98,2.33,123.0951,20.93,2630.05
2024-10-11,1.75,4.08,3.95,2.33,122.9805,20.46,2656.38
2024-10-14,1.75,4.08,3.95,2.33,122.9805,19.7,2648.52
2024-10-15,1.75,4.03,3.95,2.28,123.5124,20.64,2662.64
2024-10-16,1.75,4.02,3.93,2.27,123.9235,19.58,2673.64
2024-10-17,1.79,4.09,3.96,2.3,124.1122,19.11,2692.83
2024-10-18,1.77,4.08,3.95,2.31,123.9185,18.03,2721.91
2024-10-21,1.88,4.19,4.02,2.31,124.4757,18.37,2719.5
2024-10-22,1.87,4.2,4.03,2.33,124.4107,18.2,2748.81
2024-10-23,1.93,4.24,4.07,2.31,124.6931,19.24,2715.57
2024-10-24,1.91,4.21,4.07,2.3,124.5127,19.08,2735.84
2024-10-25,1.96,4.25,4.11,2.29,124.6105,20.33,2747.39
2024-10-28,1.99,4.28,4.12,2.29,124.8076,19.8,2742.24
2024-10-29,1.98,4.28,4.11,2.3,124.8612,19.34,2774.44
2024-10-30,1.95,4.29,4.15,2.34,124.8153,20.35,2787.21
2024-10-31,1.95,4.28,4.16,2.33,124.7988,23.16,2743.77
2024-11-01,2.04,4.37,4.21,2.33,124.8076,21.88,2735.84
2024-11-04,2.03,4.31,4.17,2.28,124.5903,21.98,2736.46
2024-11-05,1.99,4.26,4.19,2.27,124.5532,20.49,2743.72
2024-11-06,2.04,4.42,4.27,2.38,125.7035,16.27,2658.94
2024-11-07,1.98,4.31,4.21,2.33,124.775,15.2,2706.24
2024-11-08,1.95,4.3,4.26,2.35,125.5811,14.94,2684.15
2024-11-11,1.95,4.3,4.26,2.35,125.5811,14.97,2619.3
2024-11-12,2.08,4.43,4.34,2.35,126.7762,14.71,2597.98
2024-11-13,2.09,4.44,4.27,2.35,126.9572,14.02,2572.7
2024-11-14,2.1,4.43,4.34,2.33,127.0015,14.31,2564.53
2024-11-15,2.1,4.43,4.31,2.33,126.8848,16.14,2561.78
2024-11-18,2.08,4.42,4.29,2.34,126.6045,15.58,2611.72
2024-11-19,2.05,4.39,4.27,2.34,126.3994,16.35,2632.11
2024-11-20,2.06,4.41,4.31,2.35,126.88,17.16,2650.08
2024-11-21,2.09,4.43,4.34,2.34,127.1047,16.87,2669.41
2024-11-22,2.07,4.41,4.37,2.34,127.4712,15.24,2715.34
2024-11-25,1.98,4.27,4.21,2.29,126.9948,14.6,2625.46
2024-11-26,2.02,4.3,4.21,2.28,127.4301,14.1,2633.02
2024-11-27,1.99,4.25,4.19,2.26,126.8205,14.1,2635.95
2024-11-28,1.99,4.25,4.19,2.26,126.8205,13.9,2637.84
2024-11-29,1.92,4.18,4.13,2.26,126.5798,13.51,2650.39
2024-12-02,1.93,4.19,4.17,2.26,127.1272,13.34,2638.62
2024-12-03,1.95,4.23,4.17,2.28,126.9565,13.3,2643.5
2024-12-04,1.9,4.19,4.13,2.29,126.7574,13.45,2649.88
2024-12-05,1.92,4.17,4.15,2.25,126.4286,13.54,2631.66
2024-12-06,1.91,4.15,4.1,2.24,126.688,12.77,2632.67
2024-12-09,1.93,4.2,4.13,2.27,126.5981,14.19,2660.18
2024-12-10,1.93,4.22,4.15,2.29,126.957,14.18,2693.8
2024-12-11,1.96,4.26,4.15,2.3,126.8483,13.58,2717.95
2024-12-12,2.0,4.32,4.18,2.32,126.9556,13.92,2680.55
2024-12-13,2.07,4.4,4.25,2.33,127.3096,13.81,2648.8
2024-12-16,2.07,4.39,4.25,2.32,127.2687,14.69,2652.62
2024-12-17,2.09,4.4,4.25,2.31,127.5043,15.87,2646.4
2024-12-18,2.18,4.5,4.35,2.32,127.6418,27.62,2585.31
2024-12-19,2.28,4.57,4.32,2.29,128.6366,24.09,2594.39
2024-12-20,2.23,4.52,4.3,2.29,127.893,18.36,2623.03
2024-12-23,2.27,4.59,4.3,2.32,128.3021,16.78,2612.77
2024-12-24,2.24,4.59,4.29,2.35,128.3377,14.27,2616.98
2024-12-26,2.23,4.58,4.3,2.35,128.3329,14.73,2633.53
2024-12-27,2.28,4.62,4.31,2.34,128.45,15.95,2621.54
2024-12-30,2.24,4.55,4.24,2.31,128.8205,17.4,2605.96
2024-12-31,2.24,4.58,4.25,2.34,129.2775,17.35,2624.43
2025-01-02,2.23,4.57,4.25,2.34,129.4598,17.93,2657.98
2025-01-03,2.26,4.6,4.28,2.34,129.4535,16.13,2639.98
2025-01-06,2.28,4.62,4.28,2.34,128.538,16.04,2635.77
2025-01-07,2.29,4.67,4.3,2.38,128.613,17.82,2648.42
2025-01-08,2.27,4.67,4.28,2.4,129.0785,17.7,2661.44
2025-01-09,2.29,4.68,4.27,2.39,129.2827,18.07,2670.34
2025-01-10,2.34,4.77,4.4,2.43,129.8664,19.54,2688.96
2025-01-13,2.34,4.79,4.4,2.45,130.0413,19.19,2662.98
2025-01-14,2.34,4.78,4.37,2.44,129.3812,18.71,2677.37
2025-01-15,2.24,4.66,4.27,2.42,129.2092,16.12,2696.28
2025-01-16,2.19,4.61,4.23,2.42,129.436,16.6,2714.26
2025-01-17,2.2,4.61,4.27,2.41,129.4859,15.97,2702.92
2025-01-20,2.2,4.61,4.27,2.41,129.4859,15.81,2707.19
2025-01-21,2.19,4.57,4.29,2.38,128.4151,15.06,2744.69
2025-01-22,2.2,4.6,4.29,2.4,128.3402,15.1,2756.18
2025-01-23,2.23,4.65,4.29,2.42,128.2162,15.02,2754.52
2025-01-24,2.2,4.63,4.27,2.43,127.4611,14.85,2771.48
2025-01-27,2.13,4.53,4.17,2.4,128.0912,17.9,2740.7
2025-01-28,2.13,4.55,4.19,2.42,128.2817,16.41,2763.17
2025-01-29,2.15,4.55,4.21,2.4,128.3418,16.56,2759.68
2025-01-30,2.14,4.52,4.18,2.38,128.1004,15.84,2794.06
2025-01-31,2.16,4.58,4.22,2.42,128.4828,16.43,2798.47
2025-02-03,2.09,4.54,4.26,2.45,129.109,18.62,2814.75
2025-02-04,2.08,4.52,4.21,2.44,128.1083,17.21,2842.01
2025-02-05,2.01,4.43,4.17,2.42,127.9751,15.77,2867.02
2025-02-06,2.03,4.45,4.21,2.42,128.2017,15.5,2855.55
2025-02-07,2.07,4.49,4.29,2.42,128.4292,16.54,2861.3
2025-02-10,2.07,4.51,4.28,2.44,128.6382,15.81,2907.88
2025-02-11,2.08,4.54,4.29,2.46,128.4322,16.02,2897.53
2025-02-12,2.16,4.62,4.36,2.46,128.3288,15.89,2903.97
2025-02-13,2.08,4.52,4.31,2.44,127.8931,15.1,2928.34
2025-02-14,2.04,4.47,4.26,2.43,127.1491,14.77,2882.5
2025-02-17,2.04,4.47,4.26,2.43,127.1491,15.37,2899.13
2025-02-18,2.1,4.55,4.29,2.45,127.2906,15.35,2935.08
2025-02-19,2.08,4.53,4.28,2.45,127.7317,15.27,2932.99
2025-02-20,2.05,4.5,4.28,2.45,127.1126,15.66,2939.06
2025-02-21,2.0,4.42,4.19,2.42,127.1408,18.21,2935.89
2025-02-24,1.98,4.4,4.13,2.42,127.1921,18.98,2952.62
2025-02-25,1.92,4.3,4.07,2.38,127.3752,19.43,2914.82
2025-02-26,1.89,4.25,4.05,2.36,127.2822,19.1,2916.11
2025-02-27,1.92,4.29,4.07,2.37,127.9704,21.13,2877.12
2025-02-28,1.86,4.24,3.99,2.38,128.2805,19.63,2859.06
2025-03-03,1.8,4.16,3.96,2.36,127.75,22.78,2892.99
2025-03-04,1.87,4.22,3.96,2.35,127.9966,23.51,2917.7
2025-03-05,1.94,4.28,3.99,2.34,126.504,21.93,2919.13
2025-03-06,1.95,4.29,3.96,2.34,126.1099,24.87,2910.74
2025-03-07,1.99,4.32,3.99,2.33,125.9814,23.37,2911.94
2025-03-10,1.91,4.22,3.89,2.31,126.268,27.86,2889.24
2025-03-11,1.97,4.28,3.94,2.31,126.0457,26.92,2915.5
2025-03-12,1.99,4.32,4.01,2.33,125.8664,24.23,2933.31
2025-03-13,1.98,4.27,3.94,2.29,126.0031,24.66,2988.8
2025-03-14,2.01,4.31,4.02,2.3,125.6942,21.77,2986.24
2025-03-17,2.02,4.31,4.06,2.29,125.3688,20.51,3001.02
2025-03-18,1.99,4.29,4.04,2.3,125.488,21.7,3033.76
2025-03-19,1.94,4.25,3.99,2.31,125.8006,19.9,3047.16
2025-03-20,1.93,4.24,3.95,2.31,125.985,19.8,3044.47
2025-03-21,1.92,4.25,3.94,2.33,126.2679,19.28,3022.94
2025-03-24,1.98,4.34,4.04,2.36,126.1956,17.48,3011.96
2025-03-25,1.96,4.31,3.96,2.35,126.0535,17.15,3019.81
2025-03-26,1.98,4.35,3.98,2.37,126.2364,18.33,3018.85
2025-03-27,1.99,4.38,3.97,2.39,126.3626,18.69,3056.42
2025-03-28,1.9,4.27,3.89,2.37,126.4187,21.65,3084.2
2025-03-31,1.85,4.23,3.89,2.38,126.7075,22.28,3123.96
2025-04-01,1.84,4.17,3.87,2.33,126.4338,21.77,3114.12
2025-04-02,1.88,4.2,3.91,2.32,126.3811,21.51,3132.12
2025-04-03,1.78,4.06,3.71,2.28,124.7316,30.02,3114.19
2025-04-04,1.83,4.01,3.68,2.18,125.8129,45.31,3037.34
2025-04-07,1.96,4.15,3.73,2.19,126.8282,46.98,2982.01
2025-04-08,2.04,4.26,3.71,2.22,126.8668,52.33,2981.96
2025-04-09,2.07,4.34,3.91,2.27,126.628,33.62,3082.78
2025-04-10,2.21,4.4,3.84,2.19,125.089,40.72,3175.39
2025-04-11,2.28,4.48,3.96,2.2,124.0163,37.56,3237.53
2025-04-14,2.15,4.38,3.84,2.23,123.6598,30.89,3210.46
2025-04-15,2.16,4.35,3.84,2.19,123.776,30.12,3229.36
2025-04-16,2.12,4.29,3.77,2.17,123.2724,32.64,3342.85
2025-04-17,2.11,4.34,3.81,2.23,123.1298,29.65,3327.24
2025-04-21,2.2,4.42,3.75,2.22,122.3145,33.82,3424.4
2025-04-22,2.14,4.41,3.76,2.27,122.4175,30.57,3380.93
2025-04-23,2.11,4.4,3.81,2.29,123.0252,28.45,3288.12
2025-04-24,2.02,4.32,3.77,2.3,122.9251,26.47,3348.58
2025-04-25,2.02,4.29,3.74,2.27,122.8858,24.84,3318.62
2025-04-28,1.98,4.23,3.67,2.25,122.7176,25.15,3343.99
2025-04-29,1.96,4.19,3.65,2.23,122.5944,24.17,3317.2
2025-04-30,1.94,4.17,3.6,2.23,122.5921,24.7,3288.27
2025-05-01,2.0,4.25,3.7,2.25,123.1405,24.6,3237.89
2025-05-02,2.06,4.33,3.83,2.27,122.4962,22.68,3240.3
2025-05-05,2.08,4.36,3.83,2.28,122.2613,23.64,3333.96
2025-05-06,2.04,4.3,3.78,2.26,122.0417,24.76,3430.46
2025-05-07,2.01,4.26,3.78,2.25,122.117,23.55,3364.44
2025-05-08,2.08,4.37,3.9,2.29,122.7568,22.48,3305.85
2025-05-09,2.08,4.37,3.88,2.29,122.5191,21.9,3327.15
2025-05-12,2.16,4.45,3.98,2.29,123.4863,18.39,3234.78
2025-05-13,2.17,4.49,4.02,2.32,122.9583,18.22,3249.98
2025-05-14,2.16,4.53,4.05,2.37,122.6746,18.62,3177.4
2025-05-15,2.11,4.45,3.96,2.34,122.8174,17.83,3239.64
2025-05-16,2.09,4.43,3.98,2.34,123.0737,17.24,3201.0
2025-05-19,2.1,4.46,3.97,2.36,122.4186,18.14,3230.12
2025-05-20,2.13,4.48,3.97,2.35,122.3199,18.09,3289.66
2025-05-21,2.23,4.58,4.0,2.35,121.7496,20.87,3315.11
2025-05-22,2.2,4.54,4.0,2.34,122.0429,20.28,3294.71
2025-05-23,2.18,4.51,4.0,2.33,121.3837,22.29,3357.9
2025-05-26,2.18,4.51,4.0,2.33,121.3837,20.57,3342.3
2025-05-27,2.11,4.43,3.92,2.32,121.6099,18.96,3300.56
2025-05-28,2.15,4.47,3.96,2.32,121.9888,19.31,3288.64
2025-05-29,2.11,4.43,3.92,2.32,121.5617,19.18,3317.56
2025-05-30,2.07,4.41,3.89,2.34,121.7674,18.57,3288.72
2025-06-02,2.13,4.46,3.94,2.33,121.1881,18.36,3381.6
2025-06-03,2.14,4.46,3.96,2.32,121.4592,17.69,3353.3
2025-06-04,2.06,4.37,3.87,2.31,121.0539,17.61,3372.6
2025-06-05,2.11,4.4,3.92,2.29,120.9596,18.48,3352.6
2025-06-06,2.2,4.51,4.04,2.31,121.161,16.77,3312.12
2025-06-09,2.18,4.49,4.01,2.31,120.9103,17.16,3325.39
2025-06-10,2.18,4.47,4.01,2.29,121.0485,16.95,3322.4
2025-06-11,2.14,4.41,3.94,2.27,120.587,17.26,3354.82
2025-06-12,2.11,4.36,3.9,2.25,120.1723,18.02,3386.66
2025-06-13,2.13,4.41,3.96,2.28,120.3245,20.82,3434.15
2025-06-16,2.16,4.46,3.97,2.3,120.1565,19.11,3385.14
2025-06-17,2.08,4.39,3.94,2.31,120.5048,21.6,3388.47
2025-06-18,2.07,4.38,3.94,2.31,120.7305,20.14,3369.15
2025-06-19,2.07,4.38,3.94,2.31,120.7305,22.17,3370.7
2025-06-20,2.05,4.38,3.9,2.33,121.0408,20.62,3368.64
2025-06-23,2.04,4.34,3.84,2.3,121.1694,19.83,3369.04
2025-06-24,2.01,4.3,3.75,2.29,120.3645,17.48,3322.81
2025-06-25,2.01,4.29,3.74,2.28,120.3336,16.76,3332.15
2025-06-26,1.98,4.26,3.7,2.28,119.6451,16.59,3327.76
2025-06-27,2.0,4.29,3.73,2.29,119.659,16.32,3274.96
2025-06-30,1.95,4.24,3.72,2.29,119.4088,16.73,3302.92
2025-07-01,1.97,4.26,3.78,2.29,119.3436,16.83,3338.78
2025-07-02,2.0,4.3,3.78,2.3,119.3037,16.64,3356.93
2025-07-03,2.02,4.35,3.88,2.33,119.2382,16.38,3325.92
2025-07-04,2.02,4.35,3.88,2.33,119.2382,17.48,3337.06
2025-07-07,2.05,4.4,3.9,2.35,119.6201,17.79,3336.16
2025-07-08,2.07,4.42,3.9,2.35,119.8371,16.81,3301.48
2025-07-09,2.01,4.34,3.86,2.33,119.7311,15.94,3313.55
2025-07-10,2.01,4.35,3.86,2.34,119.8343,15.78,3323.85
2025-07-11,2.06,4.43,3.9,2.37,119.9214,16.4,3355.5
2025-07-14,2.04,4.43,3.9,2.39,120.2209,17.2,3343.26
2025-07-15,2.09,4.5,3.95,2.41,120.5105,17.38,3324.65
2025-07-16,2.05,4.46,3.88,2.41,120.4175,17.16,3347.42
2025-07-17,2.04,4.47,3.91,2.43,120.6384,16.52,3338.86
2025-07-18,2.03,4.44,3.88,2.41,120.356,16.41,3350.12
2025-07-21,1.98,4.38,3.85,2.4,119.9961,16.65,3396.93
2025-07-22,1.96,4.35,3.83,2.39,119.681,16.5,3431.52
2025-07-23,2.03,4.4,3.88,2.37,119.5697,15.37,3387.04
2025-07-24,1.98,4.43,3.91,2.45,119.5664,15.39,3368.41
2025-07-25,1.96,4.4,3.91,2.44,119.9857,14.93,3336.8
2025-07-28,1.98,4.42,3.91,2.44,120.6149,15.03,3314.36
2025-07-29,1.91,4.34,3.86,2.43,120.9674,15.98,3326.34
2025-07-30,1.96,4.38,3.94,2.42,121.4042,15.48,3274.9
2025-07-31,1.98,4.37,3.94,2.39,121.721,16.72,3289.94
2025-08-01,1.9,4.23,3.69,2.33,121.2122,20.38,3362.38
2025-08-04,1.85,4.22,3.69,2.37,120.9859,17.52,3373.32
2025-08-05,1.86,4.22,3.72,2.36,120.9082,17.85,3380.66
2025-08-06,1.88,4.22,3.69,2.34,120.5082,16.77,3369.28
2025-08-07,1.88,4.23,3.72,2.35,120.5043,16.57,3395.88
2025-08-08,1.88,4.27,3.76,2.39,120.3329,15.15,3397.42
2025-08-11,1.87,4.27,3.76,2.4,120.6892,16.25,3342.78
2025-08-12,1.91,4.29,3.72,2.38,120.2736,14.73,3348.03
2025-08-13,1.87,4.24,3.67,2.37,120.13,14.49,3355.88
2025-08-14,1.9,4.29,3.74,2.39,120.6446,14.83,3335.38
2025-08-15,1.95,4.33,3.75,2.38,120.3377,15.09,3335.78
2025-08-18,1.96,4.34,3.77,2.38,120.5622,14.99,3332.72
2025-08-19,1.95,4.3,3.75,2.35,120.7224,15.57,3315.65
2025-08-20,1.94,4.29,3.74,2.35,120.7757,15.69,3348.1
2025-08-21,1.94,4.33,3.79,2.39,121.0843,16.6,3338.6
2025-08-22,1.85,4.26,3.68,2.41,120.2774,14.22,3371.59
2025-08-25,1.87,4.28,3.73,2.41,120.4214,14.79,3365.56
2025-08-26,1.84,4.26,3.61,2.42,120.5274,14.62,3393.49
2025-08-27,1.81,4.24,3.59,2.43,120.7274,14.85,3397.04
2025-08-28,1.81,4.22,3.62,2.41,120.2595,14.43,3417.02
2025-08-29,1.82,4.23,3.59,2.41,120.2082,15.36,3448.93
2025-09-01,1.82,4.23,3.59,2.41,120.2082,16.12,3476.07
2025-09-02,1.87,4.28,3.66,2.41,120.6837,17.17,3533.52
2025-09-03,1.82,4.22,3.61,2.4,120.5052,16.35,3559.08
2025-09-04,1.79,4.17,3.59,2.38,120.7629,15.3,3545.63
2025-09-05,1.73,4.1,3.51,2.37,120.1282,15.18,3586.58
2025-09-08,1.7,4.05,3.49,2.35,120.0971,15.11,3635.75
2025-09-09,1.72,4.08,3.54,2.36,120.1569,15.04,3626.28
2025-09-10,1.69,4.04,3.54,2.35,120.1223,15.35,3640.6
2025-09-11,1.67,4.01,3.52,2.34,119.9534,14.71,3633.96
2025-09-12,1.7,4.06,3.56,2.36,120.0611,14.76,3642.65
2025-09-15,1.68,4.05,3.54,2.37,119.5644,15.69,3678.71
2025-09-16,1.67,4.04,3.51,2.37,119.1348,16.36,3689.74
2025-09-17,1.68,4.06,3.52,2.38,119.1582,15.72,3659.84
2025-09-18,1.73,4.11,3.57,2.38,119.6616,15.7,3644.36
2025-09-19,1.75,4.14,3.57,2.39,119.7858,15.45,3685.12
2025-09-22,1.78,4.15,3.61,2.37,119.8152,16.1,3746.68
2025-09-23,1.75,4.12,3.53,2.37,119.6202,16.64,3764.07
2025-09-24,1.78,4.16,3.57,2.38,120.1707,16.18,3735.9
2025-09-25,1.8,4.18,3.64,2.38,120.5419,16.74,3749.1
2025-09-26,1.82,4.2,3.63,2.38,120.4349,15.29,3760.58
2025-09-29,1.8,4.15,3.63,2.35,120.115,16.12,3833.81
2025-09-30,1.8,4.16,3.6,2.36,120.1368,16.28,3858.28
2025-10-01,1.77,4.12,3.55,2.35,120.1502,16.29,3865.54
2025-10-02,1.76,4.1,3.55,2.34,120.4296,16.63,3856.24
2025-10-03,1.8,4.13,3.58,2.33,120.0881,16.65,3886.43
2025-10-06,1.84,4.18,3.6,2.34,120.2722,16.37,3961.0
2025-10-07,1.79,4.14,3.57,2.35,120.4884,17.24,3984.28
2025-10-08,1.78,4.13,3.58,2.35,120.7766,16.3,4041.38
2025-10-09,1.8,4.14,3.6,2.34,121.0902,16.43,3975.96
2025-10-10,1.75,4.05,3.52,2.3,121.1163,21.66,4012.42
2025-10-13,1.75,4.05,3.52,2.3,121.1163,19.03,4110.41
2025-10-14,1.73,4.03,3.48,2.3,121.1822,20.81,4142.14
2025-10-15,1.76,4.05,3.5,2.29,120.8642,20.64,4208.11
2025-10-16,1.71,3.99,3.41,2.28,120.6698,25.31,4325.92
2025-10-17,1.75,4.02,3.46,2.27,120.7028,20.78,4252.68
2025-10-20,1.74,4.0,3.46,2.26,120.6209,18.23,4356.3
2025-10-21,1.7,3.98,3.45,2.28,120.8895,17.87,4124.9
2025-10-22,1.68,3.97,3.45,2.29,120.8958,18.6,4098.38
2025-10-23,1.71,4.01,3.48,2.3,120.9531,17.3,4125.98
2025-10-24,1.73,4.02,3.48,2.29,120.9345,16.37,4112.26
2025-10-27,1.73,4.01,3.48,2.28,120.7988,15.79,3981.07
2025-10-28,1.71,3.99,3.47,2.28,120.6361,16.42,3952.66
2025-10-29,1.78,4.08,3.59,2.3,120.5312,16.92,3930.12
2025-10-30,1.82,4.11,3.61,2.29,121.2832,16.91,4024.28
2025-10-31,1.81,4.11,3.6,2.3,121.3859,17.44,4002.19
2025-11-03,1.82,4.13,3.6,2.31,121.4512,17.17,4001.26
2025-11-04,1.81,4.1,3.58,2.29,121.8271,19.0,3931.9
2025-11-05,1.87,4.17,3.63,2.3,121.8482,18.01,3979.04
2025-11-06,1.83,4.11,3.57,2.28,121.6948,19.5,3976.93
2025-11-07,1.83,4.11,3.55,2.28,121.388,19.08,4000.84
2025-11-10,1.84,4.13,3.58,2.29,121.2984,17.6,4115.78
2025-11-11,1.84,4.13,3.58,2.29,121.2984,17.28,4126.6
2025-11-12,1.81,4.08,3.56,2.27,121.0458,17.51,4195.32
2025-11-13,1.83,4.11,3.58,2.28,120.7725,20.0,4171.26
2025-11-14,1.86,4.14,3.62,2.28,120.9666,19.83,4085.1
2025-11-17,1.85,4.13,3.6,2.28,121.1146,22.38,4045.52
2025-11-18,1.85,4.12,3.58,2.27,121.2127,24.69,4067.29
2025-11-19,1.86,4.13,3.58,2.27,121.4978,23.66,4077.76
2025-11-20,1.86,4.1,3.55,2.24,121.6889,26.42,4077.2
2025-11-21,1.82,4.06,3.51,2.24,121.8653,23.43,4065.26
2025-11-24,1.81,4.04,3.46,2.23,121.9171,20.52,4134.62
2025-11-25,1.79,4.01,3.43,2.22,121.6335,18.56,4130.64
2025-11-26,1.77,4.0,3.45,2.23,121.2437,17.19,4163.7
2025-11-27,1.77,4.0,3.45,2.23,121.2437,17.21,4157.37
2025-11-28,1.79,4.02,3.47,2.23,121.0527,16.35,4219.51
2025-12-01,1.85,4.09,3.54,2.24,120.9862,17.24,4232.12
2025-12-02,1.85,4.09,3.51,2.24,121.1467,16.59,4205.64
2025-12-03,1.82,4.06,3.49,2.24,120.7336,16.08,4202.98
2025-12-04,1.85,4.11,3.52,2.26,120.6766,15.78,4208.64
2025-12-05,1.88,4.14,3.56,2.26,120.6863,15.41,4199.09
2025-12-08,1.91,4.17,3.57,2.26,120.776,16.66,4190.56
2025-12-09,1.92,4.18,3.61,2.26,120.6832,16.93,4208.1
2025-12-10,1.88,4.13,3.54,2.25,120.6752,15.77,4228.54
2025-12-11,1.89,4.14,3.52,2.25,119.98,14.85,4279.59
2025-12-12,1.93,4.19,3.52,2.26,120.1442,15.74,4299.72
2025-12-15,1.93,4.18,3.51,2.25,119.9561,16.5,4304.91
2025-12-16,1.92,4.15,3.48,2.23,119.8902,16.48,4302.04
2025-12-17,1.92,4.16,3.49,2.24,120.155,17.62,4338.07
2025-12-18,1.88,4.12,3.46,2.24,120.0528,16.87,4332.34
2025-12-19,1.92,4.16,3.48,2.24,120.1652,14.91,4338.16
2025-12-22,1.94,4.17,3.44,2.23,119.9912,14.08,4443.59
2025-12-23,1.94,4.18,3.48,2.24,119.7057,14.0,4484.66
2025-12-24,1.91,4.15,3.47,2.24,119.4372,13.47,4479.58
2025-12-26,1.91,4.14,3.46,2.23,119.4723,13.6,4531.0
2025-12-29,1.9,4.12,3.45,2.22,119.5899,14.2,4332.04
2025-12-30,1.9,4.14,3.45,2.24,119.4939,14.33,4338.64
2025-12-31,1.93,4.18,3.47,2.25,119.7456,14.95,4318.87
2026-01-02,1.94,4.19,3.47,2.25,119.6059,14.51,4332.72
2026-01-05,1.91,4.17,3.46,2.26,119.6192,14.9,4448.89
2026-01-06,1.91,4.18,3.47,2.27,119.7807,14.75,4494.54
2026-01-07,1.88,4.15,3.47,2.27,119.8719,15.38,4456.38
2026-01-08,1.92,4.19,3.49,2.27,120.0904,15.45,4477.32
2026-01-09,1.9,4.18,3.54,2.28,120.2215,14.49,4509.3
2026-01-12,1.9,4.19,3.54,2.29,119.9958,15.12,4597.38
2026-01-13,1.88,4.18,3.53,2.3,120.1401,15.98,4586.3
2026-01-14,1.86,4.15,3.51,2.29,119.9537,16.75,4626.39
2026-01-15,1.88,4.17,3.56,2.29,119.9951,15.84,4615.76
2026-01-16,1.91,4.24,3.59,2.33,120.0838,15.86,4595.65
2026-01-19,1.91,4.24,3.59,2.33,120.0838,18.84,4670.86
2026-01-20,1.97,4.3,3.6,2.33,119.4455,20.09,4763.3
2026-01-21,1.92,4.26,3.6,2.34,119.3431,16.9,4831.03
2026-01-22,1.95,4.26,3.61,2.31,119.1962,15.64,4936.09
2026-01-23,1.92,4.24,3.6,2.32,118.8976,16.09,4987.98
2026-01-26,1.9,4.22,3.56,2.32,118.0525,16.15,5008.0
2026-01-27,1.9,4.24,3.53,2.34,117.4523,16.35,5181.26
2026-01-28,1.9,4.26,3.56,2.36,117.5117,16.35,5417.26
2026-01-29,1.89,4.24,3.53,2.35,117.4396,16.88,5371.02
2026-01-30,1.9,4.26,3.52,2.36,117.8996,17.44,4885.18
2026-02-02,1.94,4.29,3.57,2.35,118.3609,16.34,4660.96
2026-02-03,1.92,4.28,3.57,2.36,117.9764,18.0,4946.72
2026-02-04,1.94,4.29,3.57,2.35,118.2602,18.64,4964.74
2026-02-05,1.89,4.21,3.47,2.32,118.5034,21.77,4779.46
2026-02-06,1.88,4.22,3.5,2.34,118.2407,17.76,4965.74
2026-02-09,1.87,4.22,3.48,2.35,117.6392,17.36,5057.94
2026-02-10,1.84,4.16,3.45,2.32,117.5216,17.79,5025.3
2026-02-11,1.86,4.18,3.52,2.32,117.4601,17.65,5084.24
2026-02-12,1.8,4.09,3.47,2.29,117.5376,20.82,4921.64
2026-02-13,1.77,4.04,3.4,2.27,117.5258,20.6,5042.46
2026-02-16,1.77,4.04,3.4,2.27,117.5258,21.2,4993.64
2026-02-17,1.79,4.05,3.43,2.26,117.7375,20.29,4877.1
2026-02-18,1.8,4.09,3.47,2.29,117.8426,19.62,4977.24
2026-02-19,1.79,4.08,3.47,2.29,118.2354,20.23,4995.96
2026-02-20,1.8,4.08,3.48,2.28,117.9917,19.09,5107.8
2026-02-23,1.77,4.03,3.43,2.26,117.9395,21.01,5227.54
2026-02-24,1.78,4.04,3.43,2.26,117.9463,19.55,5143.74
2026-02-25,1.77,4.05,3.45,2.28,117.769,17.93,5164.84
2026-02-26,1.74,4.02,3.42,2.28,117.9042,18.63,5185.0
2026-02-27,1.72,3.97,3.38,2.25,117.8223,19.86,5280.0
2026-03-02,1.76,4.05,3.47,2.29,118.667,21.44,5321.84
2026-03-03,1.77,4.06,3.51,2.29,119.4341,23.57,5088.24
2026-03-04,1.8,4.09,3.54,2.29,119.0705,21.15,5141.1
2026-03-05,1.82,4.13,3.57,2.31,119.5683,23.75,5081.02
2026-03-06,1.8,4.15,3.56,2.35,119.491,29.49,5174.64
2026-03-09,1.78,4.12,3.56,2.34,119.5151,25.5,5136.66
2026-03-10,1.82,4.15,3.57,2.33,118.7255,24.93,5192.64
2026-03-11,1.85,4.21,3.64,2.36,119.2885,24.23,5175.96
2026-03-12,1.89,4.27,3.76,2.38,119.8227,27.29,5079.04
2026-03-13,1.92,4.28,3.73,2.36,120.5518,27.19,5018.66
2026-03-16,1.87,4.23,3.68,2.36,120.097,23.51,5006.25
2026-03-17,1.83,4.2,3.68,2.37,119.8328,22.37,5005.5
2026-03-18,1.86,4.26,3.76,2.4,119.9276,25.09,4818.64
2026-03-19,1.88,4.25,3.79,2.37,120.1802,24.06,4651.06
2026-03-20,2.01,4.39,3.88,2.38,120.2757,26.78,4497.92
2026-03-23,2.01,4.34,3.83,2.33,119.9371,26.15,4406.68
2026-03-24,2.06,4.39,3.9,2.33,120.1295,26.95,4474.36
2026-03-25,2.02,4.33,3.84,2.31,120.1282,25.33,4506.28
2026-03-26,2.08,4.42,3.96,2.34,120.389,27.44,4378.0
2026-03-27,2.13,4.44,3.88,2.31,120.8851,31.05,4495.46
2026-03-30,2.04,4.35,3.82,2.31,121.2851,30.61,4511.02
2026-03-31,2.0,4.3,3.79,2.3,121.035,25.25,4667.12
2026-04-01,2.02,4.33,3.81,2.31,120.1198,24.54,4758.18
2026-04-02,1.97,4.31,3.79,2.34,120.503,23.87,4676.04
2026-04-06,1.98,4.34,3.84,2.36,120.4302,24.17,4650.5
2026-04-07,1.96,4.33,3.81,2.37,120.32,25.78,4705.73
2026-04-08,1.96,4.29,3.79,2.33,119.0596,21.04,4719.26
2026-04-09,1.95,4.29,3.78,2.34,118.8998,19.49,4765.52
2026-04-10,1.95,4.31,3.81,2.36,118.8552,19.23,4749.18
2026-04-13,1.92,4.3,3.78,2.38,118.9916,19.12,4740.28
2026-04-14,1.89,4.26,3.76,2.37,118.3581,18.36,4841.68
2026-04-15,1.9,4.29,3.76,2.39,118.3623,18.17,4790.68
2026-04-16,1.93,4.32,3.78,2.39,118.3616,17.94,4790.78
2026-04-17,1.9,4.26,3.71,2.36,118.0795,17.48,4832.42
2026-04-20,1.91,4.26,3.72,2.35,118.2374,18.87,4820.66
2026-04-21,1.92,4.3,3.78,2.38,118.4331,19.5,4720.06
2026-04-22,1.92,4.3,3.79,2.38,118.6004,18.92,4740.18
2026-04-23,1.92,4.34,3.83,2.42,118.7155,19.31,4694.36
2026-04-24,1.89,4.31,3.78,2.42,118.7294,18.71,4707.26
2026-04-27,1.91,4.35,3.78,2.44,118.5458,18.02,4681.76
2026-04-28,1.92,4.36,3.84,2.44,118.7717,17.83,4597.2
2026-04-29,1.96,4.42,3.92,2.46,119.0975,18.81,4602.1
