veri,kapı,gün,bloklanan_fark_R,P(<0),grup_doğru,grup,gruplar
30m,"VIXREG yön (VIX<18.4 → BUY yok, ≥18.4 → SELL yok)",1045,-0.007648325508071785,0.7276666666666667,6,6,2021:-0.01 2022:-0.01 2023:-0.01 2024:-0.01 2025:-0.01 2026:-0.01
30m,Dünkü düşüş ≤−%1.5 → SELL yok,115,-0.023572080040181662,0.7766666666666666,3,6,2021:+0.12 2022:-0.05 2023:-0.04 2024:+0.05 2025:-0.13 2026:+0.02
30m,5g ≤−%4 → SELL yok,82,-0.07245942819500917,0.9876666666666667,5,6,2021:-0.23 2022:-0.06 2023:+0.26 2024:-0.09 2025:-0.12 2026:-0.08
30m,VIX sıçrama ≥+%15 → SELL yok,39,-0.028822819138941913,0.6953333333333334,4,6,2021:+0.14 2022:-0.06 2023:-0.11 2024:+0.04 2025:-0.10 2026:-0.16
30m,VIX eğrisi ters (≥1) → SELL yok,52,-0.07777273252332549,0.95,3,5,2021:+0.33 2022:-0.13 2024:-0.32 2025:-0.04 2026:+0.05
30m,STRES (herhangi biri) → SELL yok,191,-0.024922291520234726,0.838,4,6,2021:+0.08 2022:-0.05 2023:-0.04 2024:-0.05 2025:-0.01 2026:+0.05
30m,Pazartesi → SELL yok,259,-0.0612684682264095,0.9923333333333333,6,6,2021:-0.05 2022:-0.02 2023:-0.05 2024:-0.00 2025:-0.15 2026:-0.12
30m,Perşembe → BUY yok,261,-0.01703063473932646,0.7633333333333333,5,6,2021:-0.03 2022:-0.01 2023:+0.03 2024:-0.00 2025:-0.07 2026:-0.05
30m,Ay sonu & MTD≥+4% → BUY yok,39,-0.04615478317759226,0.7396666666666667,2,6,2021:+0.20 2022:+0.19 2023:+0.07 2024:-0.35 2025:-0.28 2026:+0.19
30m,Ay sonu & MTD≤−4% → SELL yok,23,-0.09452680938838648,0.9393333333333334,3,6,2021:+0.33 2022:-0.12 2023:+0.08 2024:-0.51 2025:+0.00 2026:-0.34
30m,200g +%10 üstü → BUY yok,462,-0.024239733549208994,0.8803333333333333,5,6,2021:-0.06 2022:-0.23 2023:+0.00 2024:-0.00 2025:-0.05 2026:-0.03
30m,FOMC arifesi 14:00+ → SELL yok,40,-0.13382240586626726,0.9616666666666667,5,6,2021:-0.03 2022:-0.28 2023:-0.10 2024:+0.07 2025:-0.02 2026:-0.62
15m,"VIXREG yön (VIX<18.4 → BUY yok, ≥18.4 → SELL yok)",694,-0.0047128787265926595,0.6083333333333333,2,4,2023:-0.01 2024:-0.01 2025:+0.00 2026:+0.00
15m,Dünkü düşüş ≤−%1.5 → SELL yok,60,-0.010473467106834281,0.5883333333333334,2,4,2023:-0.04 2024:+0.06 2025:-0.10 2026:+0.03
15m,5g ≤−%4 → SELL yok,29,-0.04707542546683394,0.7743333333333333,3,4,2023:+0.56 2024:-0.08 2025:-0.08 2026:-0.03
15m,VIX sıçrama ≥+%15 → SELL yok,23,-0.044305545689904725,0.724,3,4,2023:-0.16 2024:+0.04 2025:-0.04 2026:-0.19
15m,VIX eğrisi ters (≥1) → SELL yok,39,-0.04437510494623595,0.771,2,3,2024:-0.29 2025:-0.01 2026:+0.08
15m,STRES (herhangi biri) → SELL yok,99,0.00514817339583633,0.443,2,4,2023:-0.05 2024:-0.04 2025:+0.01 2026:+0.07
15m,Pazartesi → SELL yok,173,-0.07437026135003307,0.993,4,4,2023:-0.05 2024:-0.00 2025:-0.14 2026:-0.11
15m,Perşembe → BUY yok,173,-0.0216162268213606,0.7613333333333333,3,4,2023:+0.04 2024:-0.01 2025:-0.07 2026:-0.06
15m,Ay sonu & MTD≥+4% → BUY yok,28,-0.1095805406849071,0.912,2,4,2023:+0.09 2024:-0.31 2025:-0.29 2026:+0.27
15m,Ay sonu & MTD≤−4% → SELL yok,8,-0.12468108423887443,0.8313333333333334,2,4,2023:+0.08 2024:-0.44 2025:+0.08 2026:-0.29
15m,200g +%10 üstü → BUY yok,382,-0.015472860823215962,0.7486666666666667,4,4,2023:-0.01 2024:-0.00 2025:-0.04 2026:-0.03
15m,FOMC arifesi 14:00+ → SELL yok,27,-0.10331518000153327,0.8653333333333333,3,4,2023:-0.02 2024:+0.09 2025:-0.10 2026:-0.63
1m,"VIXREG yön (VIX<18.4 → BUY yok, ≥18.4 → SELL yok)",327,0.004302906803786755,0.4186666666666667,3,5,C26:+0.02 D25a:+0.04 D25b:-0.04 M26:-0.01 S26:-0.00
1m,Dünkü düşüş ≤−%1.5 → SELL yok,30,-0.08095609396696091,0.872,3,4,C26:+0.01 D25a:-0.03 D25b:-0.25 M26:-0.12
1m,5g ≤−%4 → SELL yok,55,-0.0271798986941576,0.7126666666666667,4,5,C26:-0.48 D25a:+0.04 D25b:-0.25 M26:-0.04 S26:-0.00
1m,VIX sıçrama ≥+%15 → SELL yok,12,-0.05786648765206337,0.68,3,4,C26:-0.36 D25a:+0.07 D25b:-0.44 M26:-0.14
1m,VIX eğrisi ters (≥1) → SELL yok,30,0.061354830861091614,0.18133333333333335,1,3,C26:+0.11 D25a:+0.05 D25b:-0.07
1m,STRES (herhangi biri) → SELL yok,94,0.0051751271821558475,0.44433333333333336,3,5,C26:+0.11 D25a:+0.07 D25b:-0.22 M26:-0.06 S26:-0.00
1m,Pazartesi → SELL yok,83,-0.08895744383335114,0.9813333333333333,4,5,C26:-0.07 D25a:-0.17 D25b:-0.11 M26:+0.05 S26:-0.04
1m,Perşembe → BUY yok,80,-0.03197423741221428,0.7516666666666667,3,5,C26:-0.09 D25a:-0.09 D25b:-0.06 M26:+0.10 S26:+0.27
1m,Ay sonu & MTD≥+4% → BUY yok,11,-0.11414992064237595,0.7876666666666666,2,4,C26:+0.12 D25a:-0.31 D25b:-0.44 M26:+0.45
1m,Ay sonu & MTD≤−4% → SELL yok,10,-0.1535683125257492,0.9123333333333333,3,4,C26:-0.19 D25a:-0.18 M26:-0.25 S26:+0.18
1m,200g +%10 üstü → BUY yok,137,-0.02492712251842022,0.773,2,4,C26:+0.03 D25a:-0.12 D25b:-0.04 M26:+0.00
1m,FOMC arifesi 14:00+ → SELL yok,10,-0.46454480290412903,1.0,4,4,C26:-0.85 D25a:-0.57 D25b:-0.27 M26:-0.01
