koşul,beklenen,gün,fark×100,P(beklenen yön),yıl doğru,yıl,2023+,2016-22
vix>=18.4 (VIXREG BUY),1,832,0.6067427314354609,0.8726666666666667,9,10,1.1631412688395686,0.40060775335879933
vix<18.4 (VIXREG SELL),-1,1264,-0.399938994351035,0.8403333333333334,10,11,-0.519390126337166,-0.3206216373456274
vix>=25,1,299,0.7947661411801609,0.801,5,8,5.038777052210222,0.24937081715777354
vix<14,-1,593,0.46515490636633894,0.22433333333333333,2,7,0.5437634851312723,0.44028343058462116
vix_ts>=1 (ters eğri),1,158,2.6520312499262637,0.9656666666666667,7,8,3.8284939662651625,2.2648694266626026
vix_ts<=0.85 (derin contango),-1,726,-0.6374247979735838,0.8883333333333333,7,11,-0.7847051771970309,-0.5895267629640597
vix spike +15% (dün),1,89,2.9603423228546246,0.9346666666666666,7,9,6.372985596197179,1.7735051525359475
vix düşüş −10% (dün),-1,125,0.8165003641430395,0.267,5,11,0.47142883286520954,0.9731051270313226
vix 5g +30%,1,106,1.6219655458016915,0.7636666666666667,6,11,9.498486155002796,-0.9513295395907133
ndx dün ≤ −1.5%,1,206,2.5418767644588036,0.989,8,11,3.1452945398336567,2.2598937526008873
ndx dün ≥ +1.5%,-1,228,-0.4198743088244016,0.7033333333333334,5,10,0.1253115770399782,-0.7093315210454996
ndx 5g ≤ −4%,1,130,2.6418037295372345,0.9463333333333334,7,8,3.56589655143085,2.359206536297598
ndx 5g ≥ +4%,-1,158,-0.4419516218712184,0.6593333333333333,4,9,1.6078263487753948,-1.8863029014318102
ndx 200g altı,-1,346,0.9259775667729203,0.12,1,8,1.108014626471031,0.8838824144899474
ndx 200g +%10 üstü,-1,877,-0.9339143041119364,0.9616666666666667,7,9,-0.8668780333517558,-0.9854248805927519
ndx 50g altı,-1,572,0.4060688059019512,0.2846666666666667,4,11,-0.32877546051945494,0.7166502435471771
hyg dün ≤ −0.5%,-1,194,1.704414336452572,0.06333333333333334,3,11,4.363680544924263,0.6470808221909528
hyg dün ≥ +0.5%,1,180,-0.13794132794657565,0.44633333333333336,6,11,-0.62149909368167,0.05938236293464895
tlt dün ≥ +1%,-1,225,0.09309440617885327,0.458,4,11,-0.4810597251064478,0.43771029260855876
tlt dün ≤ −1%,-1,249,0.6475681591889326,0.24633333333333332,4,11,1.4670088123982934,0.21007663124521644
us10y dün +10bp,-1,77,0.6269074640758061,0.38766666666666666,2,5,2.6278105179196847,-1.3739955897680722
dxy dün ≥ +0.5%,-1,210,-0.7018077056484715,0.7313333333333333,7,11,-1.111327695160316,-0.512715362206327
dün aralık ≥ %2.5,1,227,0.9045679563675193,0.811,5,9,2.34432227143786,0.5116848078106493
Pazartesi,1,521,1.2157504237990495,0.974,8,11,2.8312496457245526,0.34795052444196767
Salı,1,527,-0.38881745620135183,0.257,2,11,-0.3997108438899711,-0.38294922111941987
Çarşamba,1,523,0.22965920146807112,0.6373333333333333,7,11,0.24466669027486848,0.22167586347332824
Perşembe,-1,525,-1.0200251108449052,0.9343333333333333,8,11,-2.6280186625906965,-0.17360152897565145
ay dönümü (son+ilk3),1,310,-0.9046319558157326,0.183,6,11,0.129518934378523,-1.4438705303150858
ay sonu son 2 gün & MTD ≥ +4%,-1,47,-3.1255722821034024,0.9856666666666667,6,8,-4.696198749068651,-2.058890136089571
ay sonu son 2 gün & MTD ≤ −4%,1,27,4.8716575159712425,0.976,4,4,9.135126888010948,3.4075982221764756
OPEX haftası,1,486,0.09415718288041733,0.5636666666666666,6,11,-0.7521630548417454,0.5471116393206804
OPEX sonrası hafta,-1,478,-0.19087469143181113,0.6046666666666667,6,11,-0.6952933943206534,0.0769061659112206
FOMC günü 14:00 öncesi,1,80,0.396053850833414,0.6273333333333333,4,11,0.5387956385751752,0.31921159371859914
FOMC arifesi 14:00 sonrası,1,80,4.3646152477550615,0.8876666666666667,6,11,-2.4222195414456085,7.9465558309443045
