koşul,yön,gün_16_20,etki_16_20,P_16_20,seçildi,z_2021+,R_30m,P_30m,gün_30m,R_1m,P_1m,gün_1m,z_doğru
vix>=18.4 (VIXREG BUY),1,294,0.6161402057541546,0.7563333333333333,False,0.6016499151182153,-0.013579385738147187,0.795,472.0,0.0051246774,0.4395,125.0,True
vix<18.4 (VIXREG SELL),-1,656,-0.2733152834907159,0.6753333333333333,False,-0.538361912789958,-0.0027312272976400967,0.5525,573.0,0.0037807007,0.4385,202.0,True
vix>=25,1,139,-1.4851364106299914,0.15433333333333332,False,2.745867896608363,-0.04087536783150369,0.941,149.0,0.041737445,0.2505,27.0,True
vix<14,-1,449,0.44028343058462116,0.25333333333333335,False,0.5437634851312723,0.046210583465523675,0.121,144.0,-0.13037074,1.0,1.0,False
vix_ts>=1 (ters eğri),1,105,1.2604074591463803,0.757,False,5.3703232655797555,-0.07777273252332549,0.949,52.0,0.06135483,0.188,30.0,True
vix_ts<=0.85 (derin contango),-1,389,-0.14718055699202648,0.584,False,-1.2134534794068697,-0.005213140036842893,0.5815,279.0,-0.011435924,0.5895,73.0,True
vix spike +15% (dün),1,45,1.0112569118003827,0.6373333333333333,False,4.956152384173865,-0.028822819138941913,0.6925,39.0,-0.057866488,0.6665,12.0,True
vix düşüş −10% (dün),-1,63,0.9482197453426553,0.31166666666666665,False,0.6839894001237148,0.0363597388946971,0.258,55.0,0.069722265,0.204,22.0,False
vix 5g +30%,1,60,-2.566523098718292,0.203,False,6.975058350017477,,,0.0,,,0.0,True
ndx dün ≤ −1.5%,1,79,2.6445342717863154,0.9233333333333333,True,2.479389586085536,-0.023572080040181662,0.766,115.0,-0.080956094,0.8695,30.0,True
ndx dün ≥ +1.5%,-1,82,-1.346734175681987,0.846,False,0.09861186669562166,0.01964323907516686,0.28,131.0,0.09359084,0.07,38.0,False
ndx 5g ≤ −4%,1,43,1.7593646656206285,0.7123333333333334,False,3.068839836054655,-0.07245942819500917,0.9885,82.0,-0.027179899,0.714,55.0,True
ndx 5g ≥ +4%,-1,52,-2.526146385033982,0.9233333333333333,True,0.5793927535335779,0.010341478798515016,0.3935,99.0,0.07644841,0.1765,31.0,False
ndx 200g altı,-1,90,1.3205738615482874,0.161,False,0.7856844495363259,0.001705504936924708,0.461,256.0,-0.10527969,0.9725,48.0,False
ndx 200g +%10 üstü,-1,348,-0.8167538599609234,0.834,False,-1.0111447269826044,-0.024239733549208994,0.8875,462.0,-0.024927123,0.7655,137.0,True
ndx 50g altı,-1,211,1.234059651101613,0.13733333333333334,False,-0.07539382214041619,,,0.0,,,0.0,True
hyg dün ≤ −0.5%,-1,75,-0.12185890312807247,0.5153333333333333,False,2.8459796863361038,,,0.0,,,0.0,False
hyg dün ≥ +0.5%,1,75,0.8602792066435536,0.741,False,-0.8544643165959301,,,0.0,,,0.0,False
tlt dün ≥ +1%,-1,72,1.9800503124119688,0.18566666666666667,False,-0.7867417549254112,,,0.0,,,0.0,True
tlt dün ≤ −1%,-1,82,-2.98485708828027,0.9603333333333334,True,2.4285542863874094,,,0.0,,,0.0,False
dxy dün ≥ +0.5%,-1,83,-2.208254426648514,0.9023333333333333,True,0.2770686330120681,,,0.0,,,0.0,False
dün aralık ≥ %2.5,1,93,-0.45887603910462016,0.38866666666666666,False,1.8186086237231442,,,0.0,,,0.0,True
Pazartesi,1,236,0.34352353415068837,0.6436666666666667,False,1.9414281169694851,-0.0612684682264095,0.9935,259.0,-0.088957444,0.9805,83.0,True
Salı,1,238,-0.10388867854034095,0.4706666666666667,False,-0.6244828470705056,0.023940352497836836,0.1885,264.0,0.016341474,0.357,82.0,False
Çarşamba,1,237,0.38724448487086743,0.645,False,0.09875174163346456,0.014506606337704316,0.284,261.0,0.03111901,0.2355,82.0,True
Perşembe,-1,239,-0.6128976616355588,0.7213333333333334,False,-1.3627220865862475,-0.01703063473932646,0.762,261.0,-0.031974237,0.7515,80.0,True
ay dönümü (son+ilk3),1,140,-1.5408225678729424,0.12933333333333333,False,-0.3778444763290424,,,0.0,,,0.0,False
ay sonu son 2 gün & MTD ≥ +4%,-1,22,-1.5070145932964523,0.7676666666666667,False,-4.568623715497551,-0.04615478317759226,0.742,39.0,-0.11414992,0.787,11.0,True
OPEX haftası,1,220,1.3321802180932074,0.9153333333333333,True,-0.9358301904402433,,,0.0,,,0.0,False
OPEX sonrası hafta,-1,216,-0.5495011930963755,0.7136666666666667,False,0.10612426626020728,,,0.0,,,0.0,False
FOMC günü 14:00 öncesi,1,36,-0.5610174053822888,0.3413333333333333,False,1.1813925630910573,,,0.0,,,0.0,True
FOMC arifesi 14:00 sonrası,1,36,10.170421016052414,0.978,True,-0.5931514757348101,-0.13382240586626726,0.9575,40.0,-0.4645448,1.0,10.0,False
