timestamp,US10Y
2020-07-02,0.6690000295639038
2020-07-06,0.6840000152587891
2020-07-07,0.6499999761581421
2020-07-08,0.652999997138977
2020-07-09,0.6050000190734863
2020-07-10,0.6330000162124634
2020-07-13,0.6399999856948853
2020-07-14,0.6150000095367432
2020-07-15,0.6299999952316284
2020-07-16,0.6119999885559082
2020-07-17,0.628000020980835
2020-07-20,0.6200000047683716
2020-07-21,0.6069999933242798
2020-07-22,0.5950000286102295
2020-07-23,0.5820000171661377
2020-07-24,0.5889999866485596
2020-07-27,0.609000027179718
2020-07-28,0.5809999704360962
2020-07-29,0.5789999961853027
2020-07-30,0.5410000085830688
2020-07-31,0.5360000133514404
2020-08-03,0.5630000233650208
2020-08-04,0.5149999856948853
2020-08-05,0.5429999828338623
2020-08-06,0.5360000133514404
2020-08-07,0.5619999766349792
2020-08-10,0.5740000009536743
2020-08-11,0.6579999923706055
2020-08-12,0.6700000166893005
2020-08-13,0.7160000205039978
2020-08-14,0.7089999914169312
2020-08-17,0.6830000281333923
2020-08-18,0.6690000295639038
2020-08-19,0.675000011920929
2020-08-20,0.6439999938011169
2020-08-21,0.6399999856948853
2020-08-24,0.6460000276565552
2020-08-25,0.6819999814033508
2020-08-26,0.6869999766349792
2020-08-27,0.7459999918937683
2020-08-28,0.7289999723434448
2020-08-31,0.6930000185966492
2020-09-01,0.671999990940094
2020-09-02,0.6510000228881836
2020-09-03,0.621999979019165
2020-09-04,0.7210000157356262
2020-09-08,0.6840000152587891
2020-09-09,0.703000009059906
2020-09-10,0.6850000023841858
2020-09-11,0.6690000295639038
2020-09-14,0.6710000038146973
2020-09-15,0.6790000200271606
2020-09-16,0.6869999766349792
2020-09-17,0.6840000152587891
2020-09-18,0.6940000057220459
2020-09-21,0.6710000038146973
2020-09-22,0.6639999747276306
2020-09-23,0.6759999990463257
2020-09-24,0.6660000085830688
2020-09-25,0.6589999794960022
2020-09-28,0.6629999876022339
2020-09-29,0.6449999809265137
2020-09-30,0.6769999861717224
2020-10-01,0.6769999861717224
2020-10-02,0.6959999799728394
2020-10-05,0.7620000243186951
2020-10-06,0.7419999837875366
2020-10-07,0.7850000262260437
2020-10-08,0.7649999856948853
2020-10-09,0.7749999761581421
2020-10-12,0.7770000100135803
2020-10-13,0.7269999980926514
2020-10-14,0.722000002861023
2020-10-15,0.7310000061988831
2020-10-16,0.7440000176429749
2020-10-19,0.7609999775886536
2020-10-20,0.796999990940094
2020-10-21,0.8159999847412109
2020-10-22,0.8479999899864197
2020-10-23,0.8410000205039978
2020-10-26,0.8009999990463257
2020-10-27,0.777999997138977
2020-10-28,0.781000018119812
2020-10-29,0.8349999785423279
2020-10-30,0.8600000143051147
2020-11-02,0.8489999771118164
2020-11-03,0.8820000290870667
2020-11-04,0.7680000066757202
2020-11-05,0.7760000228881836
2020-11-06,0.8199999928474426
2020-11-09,0.9580000042915344
2020-11-10,0.972000002861023
2020-11-11,0.9580000042915344
2020-11-12,0.8849999904632568
2020-11-13,0.8930000066757202
2020-11-16,0.906000018119812
2020-11-17,0.871999979019165
2020-11-18,0.8820000290870667
2020-11-19,0.8539999723434448
2020-11-20,0.8289999961853027
2020-11-23,0.8569999933242798
2020-11-24,0.8820000290870667
2020-11-25,0.878000020980835
2020-11-27,0.8420000076293945
2020-11-30,0.843999981880188
2020-12-01,0.9340000152587891
2020-12-02,0.9480000138282776
2020-12-03,0.9200000166893005
2020-12-04,0.968999981880188
2020-12-07,0.9279999732971191
2020-12-08,0.9129999876022339
2020-12-09,0.9409999847412109
2020-12-10,0.9079999923706055
2020-12-11,0.8930000066757202
2020-12-14,0.8920000195503235
2020-12-15,0.9229999780654907
2020-12-16,0.9200000166893005
2020-12-17,0.9300000071525574
2020-12-18,0.9480000138282776
2020-12-21,0.9409999847412109
2020-12-22,0.9179999828338623
2020-12-23,0.9549999833106995
2020-12-24,0.9279999732971191
2020-12-28,0.9330000281333923
2020-12-29,0.9350000023841858
2020-12-30,0.9259999990463257
2020-12-31,0.9169999957084656
2021-01-04,0.9169999957084656
2021-01-05,0.9549999833106995
2021-01-06,1.0420000553131104
2021-01-07,1.0709999799728394
2021-01-08,1.1050000190734863
2021-01-11,1.1319999694824219
2021-01-12,1.1380000114440918
2021-01-13,1.0880000591278076
2021-01-14,1.128999948501587
2021-01-15,1.097000002861023
2021-01-19,1.0920000076293945
2021-01-20,1.090000033378601
2021-01-21,1.1089999675750732
2021-01-22,1.090999960899353
2021-01-25,1.0399999618530273
2021-01-26,1.0399999618530273
2021-01-27,1.0140000581741333
2021-01-28,1.0570000410079956
2021-01-29,1.093000054359436
2021-02-01,1.0770000219345093
2021-02-02,1.1050000190734863
2021-02-03,1.13100004196167
2021-02-04,1.1390000581741333
2021-02-05,1.1699999570846558
2021-02-08,1.159999966621399
2021-02-09,1.156999945640564
2021-02-10,1.1330000162124634
2021-02-11,1.1579999923706055
2021-02-12,1.2000000476837158
2021-02-16,1.2990000247955322
2021-02-17,1.3009999990463257
2021-02-18,1.2869999408721924
2021-02-19,1.3450000286102295
2021-02-22,1.3700000047683716
2021-02-23,1.3619999885559082
2021-02-24,1.3890000581741333
2021-02-25,1.5180000066757202
2021-02-26,1.4600000381469727
2021-03-01,1.4459999799728394
2021-03-02,1.4149999618530273
2021-03-03,1.4700000286102295
2021-03-04,1.5499999523162842
2021-03-05,1.5540000200271606
2021-03-08,1.5959999561309814
2021-03-09,1.5460000038146973
2021-03-10,1.5199999809265137
2021-03-11,1.5269999504089355
2021-03-12,1.6349999904632568
2021-03-15,1.6069999933242798
2021-03-16,1.621000051498413
2021-03-17,1.6410000324249268
2021-03-18,1.7300000190734863
2021-03-19,1.7319999933242798
2021-03-22,1.684000015258789
2021-03-23,1.6380000114440918
2021-03-24,1.6139999628067017
2021-03-25,1.6139999628067017
2021-03-26,1.659999966621399
2021-03-29,1.7209999561309814
2021-03-30,1.7259999513626099
2021-03-31,1.746000051498413
2021-04-01,1.6790000200271606
2021-04-05,1.7200000286102295
2021-04-06,1.656000018119812
2021-04-07,1.652999997138977
2021-04-08,1.6319999694824219
2021-04-09,1.6660000085830688
2021-04-12,1.6749999523162842
2021-04-13,1.6230000257492065
2021-04-14,1.6380000114440918
2021-04-15,1.5299999713897705
2021-04-16,1.5729999542236328
2021-04-19,1.6009999513626099
2021-04-20,1.562000036239624
2021-04-21,1.5640000104904175
2021-04-22,1.5540000200271606
2021-04-23,1.5670000314712524
2021-04-26,1.5700000524520874
2021-04-27,1.621999979019165
2021-04-28,1.6200000047683716
2021-04-29,1.6399999856948853
2021-04-30,1.63100004196167
2021-05-03,1.6069999933242798
2021-05-04,1.5920000076293945
2021-05-05,1.5839999914169312
2021-05-06,1.5609999895095825
2021-05-07,1.5770000219345093
2021-05-10,1.6019999980926514
2021-05-11,1.6239999532699585
2021-05-12,1.6950000524520874
2021-05-13,1.6679999828338623
2021-05-14,1.6349999904632568
2021-05-17,1.6399999856948853
2021-05-18,1.6419999599456787
2021-05-19,1.6829999685287476
2021-05-20,1.6339999437332153
2021-05-21,1.6319999694824219
2021-05-24,1.6080000400543213
2021-05-25,1.5640000104904175
2021-05-26,1.5740000009536743
2021-05-27,1.6100000143051147
2021-05-28,1.5809999704360962
2021-06-01,1.6150000095367432
2021-06-02,1.590999960899353
2021-06-03,1.625
2021-06-04,1.559999942779541
2021-06-07,1.569000005722046
2021-06-08,1.527999997138977
2021-06-09,1.4889999628067017
2021-06-10,1.4589999914169312
2021-06-11,1.4620000123977661
2021-06-14,1.5010000467300415
2021-06-15,1.4989999532699585
2021-06-16,1.569000005722046
2021-06-17,1.5110000371932983
2021-06-18,1.4500000476837158
2021-06-21,1.4839999675750732
2021-06-22,1.472000002861023
2021-06-23,1.4869999885559082
2021-06-24,1.4869999885559082
2021-06-25,1.5360000133514404
2021-06-28,1.4780000448226929
2021-06-29,1.4800000190734863
2021-06-30,1.4429999589920044
2021-07-01,1.4800000190734863
2021-07-02,1.430999994277954
2021-07-06,1.3700000047683716
2021-07-07,1.3209999799728394
2021-07-08,1.2879999876022339
2021-07-09,1.3559999465942383
2021-07-12,1.3630000352859497
2021-07-13,1.4149999618530273
2021-07-14,1.3559999465942383
2021-07-15,1.2970000505447388
2021-07-16,1.2999999523162842
2021-07-19,1.180999994277954
2021-07-20,1.2089999914169312
2021-07-21,1.2799999713897705
2021-07-22,1.2649999856948853
2021-07-23,1.2860000133514404
2021-07-26,1.2760000228881836
2021-07-27,1.2339999675750732
2021-07-28,1.2610000371932983
2021-07-29,1.2690000534057617
2021-07-30,1.2389999628067017
2021-08-02,1.1740000247955322
2021-08-03,1.1759999990463257
2021-08-04,1.184000015258789
2021-08-05,1.2170000076293945
2021-08-06,1.2899999618530273
2021-08-09,1.3170000314712524
2021-08-10,1.3420000076293945
2021-08-11,1.3289999961853027
2021-08-12,1.3669999837875366
2021-08-13,1.2970000505447388
2021-08-16,1.2569999694824219
2021-08-17,1.2580000162124634
2021-08-18,1.2730000019073486
2021-08-19,1.2419999837875366
2021-08-20,1.2599999904632568
2021-08-23,1.2549999952316284
2021-08-24,1.2899999618530273
2021-08-25,1.3420000076293945
2021-08-26,1.3420000076293945
2021-08-27,1.312000036239624
2021-08-30,1.284999966621399
2021-08-31,1.3040000200271606
2021-09-01,1.3020000457763672
2021-09-02,1.2940000295639038
2021-09-03,1.3220000267028809
2021-09-07,1.3700000047683716
2021-09-08,1.3339999914169312
2021-09-09,1.2990000247955322
2021-09-10,1.340999960899353
2021-09-13,1.3240000009536743
2021-09-14,1.2769999504089355
2021-09-15,1.3040000200271606
2021-09-16,1.3309999704360962
2021-09-17,1.3700000047683716
2021-09-20,1.309000015258789
2021-09-21,1.3240000009536743
2021-09-22,1.3359999656677246
2021-09-23,1.409999966621399
2021-09-24,1.4600000381469727
2021-09-27,1.4839999675750732
2021-09-28,1.534000039100647
2021-09-29,1.5410000085830688
2021-09-30,1.5290000438690186
2021-10-01,1.4789999723434448
2021-10-04,1.4809999465942383
2021-10-05,1.5290000438690186
2021-10-06,1.5240000486373901
2021-10-07,1.5709999799728394
2021-10-08,1.6050000190734863
2021-10-11,1.6139999628067017
2021-10-12,1.5800000429153442
2021-10-13,1.5490000247955322
2021-10-14,1.5190000534057617
2021-10-15,1.5759999752044678
2021-10-18,1.5839999914169312
2021-10-19,1.6349999904632568
2021-10-20,1.6360000371932983
2021-10-21,1.6759999990463257
2021-10-22,1.6549999713897705
2021-10-25,1.6349999904632568
2021-10-26,1.61899995803833
2021-10-27,1.5290000438690186
2021-10-28,1.5679999589920044
2021-10-29,1.5570000410079956
2021-11-01,1.5750000476837158
2021-11-02,1.5490000247955322
2021-11-03,1.5789999961853027
2021-11-04,1.5240000486373901
2021-11-05,1.4529999494552612
2021-11-08,1.496999979019165
2021-11-09,1.4320000410079956
2021-11-10,1.559999942779541
2021-11-11,1.559999942779541
2021-11-12,1.5820000171661377
2021-11-15,1.6230000257492065
2021-11-16,1.6339999437332153
2021-11-17,1.6039999723434448
2021-11-18,1.5889999866485596
2021-11-19,1.5360000133514404
2021-11-22,1.625
2021-11-23,1.6670000553131104
2021-11-24,1.6449999809265137
2021-11-26,1.4819999933242798
2021-11-29,1.5299999713897705
2021-11-30,1.4429999589920044
2021-12-01,1.434000015258789
2021-12-02,1.4479999542236328
2021-12-03,1.343000054359436
2021-12-06,1.434000015258789
2021-12-07,1.4800000190734863
2021-12-08,1.5089999437332153
2021-12-09,1.4869999885559082
2021-12-10,1.4889999628067017
2021-12-13,1.4240000247955322
2021-12-14,1.437999963760376
2021-12-15,1.4630000591278076
2021-12-16,1.4220000505447388
2021-12-17,1.4019999504089355
2021-12-20,1.4190000295639038
2021-12-21,1.4869999885559082
2021-12-22,1.4570000171661377
2021-12-23,1.4930000305175781
2021-12-27,1.4809999465942383
2021-12-28,1.4809999465942383
2021-12-29,1.5429999828338623
2021-12-30,1.5149999856948853
2021-12-31,1.5119999647140503
2022-01-03,1.628000020980835
2022-01-04,1.6679999828338623
2022-01-05,1.7050000429153442
2022-01-06,1.7330000400543213
2022-01-07,1.7710000276565552
2022-01-10,1.7799999713897705
2022-01-11,1.746000051498413
2022-01-12,1.725000023841858
2022-01-13,1.7109999656677246
2022-01-14,1.7719999551773071
2022-01-18,1.8650000095367432
2022-01-19,1.8270000219345093
2022-01-20,1.8329999446868896
2022-01-21,1.746999979019165
2022-01-24,1.7350000143051147
2022-01-25,1.7829999923706055
2022-01-26,1.8480000495910645
2022-01-27,1.8070000410079956
2022-01-28,1.781999945640564
2022-01-31,1.781999945640564
2022-02-01,1.7999999523162842
2022-02-02,1.7660000324249268
2022-02-03,1.8270000219345093
2022-02-04,1.9299999475479126
2022-02-07,1.9160000085830688
2022-02-08,1.9539999961853027
2022-02-09,1.9290000200271606
2022-02-10,2.0309998989105225
2022-02-11,1.9550000429153442
2022-02-14,1.996000051498413
2022-02-15,2.0450000762939453
2022-02-16,2.046999931335449
2022-02-17,1.972000002861023
2022-02-18,1.9320000410079956
2022-02-22,1.9479999542236328
2022-02-23,1.9769999980926514
2022-02-24,1.968999981880188
2022-02-25,1.9859999418258667
2022-02-28,1.8389999866485596
2022-03-01,1.7070000171661377
2022-03-02,1.8650000095367432
2022-03-03,1.843999981880188
2022-03-04,1.7239999771118164
2022-03-07,1.7510000467300415
2022-03-08,1.871999979019165
2022-03-09,1.9479999542236328
2022-03-10,2.010999917984009
2022-03-11,2.003999948501587
2022-03-14,2.140000104904175
2022-03-15,2.1600000858306885
2022-03-16,2.187999963760376
2022-03-17,2.191999912261963
2022-03-18,2.1480000019073486
2022-03-21,2.315000057220459
2022-03-22,2.372999906539917
2022-03-23,2.321000099182129
2022-03-24,2.3410000801086426
2022-03-25,2.492000102996826
2022-03-28,2.4769999980926514
2022-03-29,2.4000000953674316
2022-03-30,2.3580000400543213
2022-03-31,2.3269999027252197
2022-04-01,2.377000093460083
2022-04-04,2.4119999408721924
2022-04-05,2.555999994277954
2022-04-06,2.6089999675750732
2022-04-07,2.6519999504089355
2022-04-08,2.7130000591278076
2022-04-11,2.7799999713897705
2022-04-12,2.7249999046325684
2022-04-13,2.687000036239624
2022-04-14,2.828000068664551
2022-04-18,2.861999988555908
2022-04-19,2.9130001068115234
2022-04-20,2.8399999141693115
2022-04-21,2.9170000553131104
2022-04-22,2.9059998989105225
2022-04-25,2.8259999752044678
2022-04-26,2.7720000743865967
2022-04-27,2.818000078201294
2022-04-28,2.86299991607666
2022-04-29,2.88700008392334
2022-05-02,2.996000051498413
2022-05-03,2.9600000381469727
2022-05-04,2.9170000553131104
2022-05-05,3.065999984741211
2022-05-06,3.122999906539917
2022-05-09,3.0789999961853027
2022-05-10,2.993000030517578
2022-05-11,2.9210000038146973
2022-05-12,2.816999912261963
2022-05-13,2.934999942779541
2022-05-16,2.877000093460083
2022-05-17,2.9679999351501465
2022-05-18,2.885999917984009
2022-05-19,2.8550000190734863
2022-05-20,2.7869999408721924
2022-05-23,2.8589999675750732
2022-05-24,2.759999990463257
2022-05-25,2.749000072479248
2022-05-26,2.75600004196167
2022-05-27,2.743000030517578
2022-05-31,2.8440001010894775
2022-06-01,2.930999994277954
2022-06-02,2.9130001068115234
2022-06-03,2.9570000171661377
2022-06-06,3.0380001068115234
2022-06-07,2.9719998836517334
2022-06-08,3.0290000438690186
2022-06-09,3.0439999103546143
2022-06-10,3.1559998989105225
2022-06-13,3.365999937057495
2022-06-14,3.4830000400543213
2022-06-15,3.3949999809265137
2022-06-16,3.306999921798706
2022-06-17,3.239000082015991
2022-06-21,3.306999921798706
2022-06-22,3.1559998989105225
2022-06-23,3.068000078201294
2022-06-24,3.125
2022-06-27,3.194000005722046
2022-06-28,3.2060000896453857
2022-06-29,3.0929999351501465
2022-06-30,2.9719998836517334
2022-07-01,2.8889999389648438
2022-07-05,2.809000015258789
2022-07-06,2.9130001068115234
2022-07-07,3.007999897003174
2022-07-08,3.1010000705718994
2022-07-11,2.990999937057495
2022-07-12,2.9579999446868896
2022-07-13,2.9040000438690186
2022-07-14,2.9600000381469727
2022-07-15,2.930000066757202
2022-07-18,2.9600000381469727
2022-07-19,3.0190000534057617
2022-07-20,3.0360000133514404
2022-07-21,2.9100000858306885
2022-07-22,2.7829999923706055
2022-07-25,2.819999933242798
2022-07-26,2.7869999408721924
2022-07-27,2.7339999675750732
2022-07-28,2.680999994277954
2022-07-29,2.6419999599456787
2022-08-01,2.6059999465942383
2022-08-02,2.740999937057495
2022-08-03,2.747999906539917
2022-08-04,2.6760001182556152
2022-08-05,2.8399999141693115
2022-08-08,2.765000104904175
2022-08-09,2.796999931335449
2022-08-10,2.7860000133514404
2022-08-11,2.888000011444092
2022-08-12,2.8489999771118164
2022-08-15,2.7909998893737793
2022-08-16,2.8239998817443848
2022-08-17,2.8929998874664307
2022-08-18,2.880000114440918
2022-08-19,2.989000082015991
2022-08-22,3.0369999408721924
2022-08-23,3.053999900817871
2022-08-24,3.1059999465942383
2022-08-25,3.0260000228881836
2022-08-26,3.0350000858306885
2022-08-29,3.109999895095825
2022-08-30,3.109999895095825
2022-08-31,3.132999897003174
2022-09-01,3.265000104904175
2022-09-02,3.193000078201294
2022-09-06,3.3399999141693115
2022-09-07,3.265000104904175
2022-09-08,3.2920000553131104
2022-09-09,3.321000099182129
2022-09-12,3.361999988555908
2022-09-13,3.421999931335449
2022-09-14,3.4119999408721924
2022-09-15,3.4590001106262207
2022-09-16,3.447999954223633
2022-09-19,3.490000009536743
2022-09-20,3.571000099182129
2022-09-21,3.509999990463257
2022-09-22,3.7079999446868896
2022-09-23,3.697000026702881
2022-09-26,3.878000020980835
2022-09-27,3.9639999866485596
2022-09-28,3.7049999237060547
2022-09-29,3.746999979019165
2022-09-30,3.803999900817871
2022-10-03,3.6510000228881836
2022-10-04,3.617000102996826
2022-10-05,3.759000062942505
2022-10-06,3.8259999752044678
2022-10-07,3.882999897003174
2022-10-10,3.888000011444092
2022-10-11,3.938999891281128
2022-10-12,3.9019999504089355
2022-10-13,3.9519999027252197
2022-10-14,4.010000228881836
2022-10-17,4.014999866485596
2022-10-18,3.997999906539917
2022-10-19,4.126999855041504
2022-10-20,4.22599983215332
2022-10-21,4.2129998207092285
2022-10-24,4.234000205993652
2022-10-25,4.107999801635742
2022-10-26,4.014999866485596
2022-10-27,3.937000036239624
2022-10-28,4.010000228881836
2022-10-31,4.077000141143799
2022-11-01,4.052000045776367
2022-11-02,4.059000015258789
2022-11-03,4.124000072479248
2022-11-04,4.156000137329102
2022-11-07,4.214000225067139
2022-11-08,4.125999927520752
2022-11-09,4.151000022888184
2022-11-10,3.8289999961853027
2022-11-11,3.812999963760376
2022-11-14,3.865000009536743
2022-11-15,3.7990000247955322
2022-11-16,3.691999912261963
2022-11-17,3.7750000953674316
2022-11-18,3.818000078201294
2022-11-21,3.825000047683716
2022-11-22,3.757999897003174
2022-11-23,3.7060000896453857
2022-11-25,3.690999984741211
2022-11-28,3.703000068664551
2022-11-29,3.747999906539917
2022-11-30,3.703000068664551
2022-12-01,3.5290000438690186
2022-12-02,3.50600004196167
2022-12-05,3.5989999771118164
2022-12-06,3.513000011444092
2022-12-07,3.4079999923706055
2022-12-08,3.490999937057495
2022-12-09,3.566999912261963
2022-12-12,3.6110000610351562
2022-12-13,3.500999927520752
2022-12-14,3.503000020980835
2022-12-15,3.450000047683716
2022-12-16,3.4820001125335693
2022-12-19,3.5810000896453857
2022-12-20,3.684000015258789
2022-12-21,3.684000015258789
2022-12-22,3.6689999103546143
2022-12-23,3.750999927520752
2022-12-27,3.859999895095825
2022-12-28,3.88700008392334
2022-12-29,3.8350000381469727
2022-12-30,3.878999948501587
2023-01-03,3.7929999828338623
2023-01-04,3.7090001106262207
2023-01-05,3.7200000286102295
2023-01-06,3.569000005722046
2023-01-09,3.5169999599456787
2023-01-10,3.621000051498413
2023-01-11,3.553999900817871
2023-01-12,3.4489998817443848
2023-01-13,3.510999917984009
2023-01-17,3.5350000858306885
2023-01-18,3.375
2023-01-19,3.3970000743865967
2023-01-20,3.4839999675750732
2023-01-23,3.5250000953674316
2023-01-24,3.4690001010894775
2023-01-25,3.4619998931884766
2023-01-26,3.493000030517578
2023-01-27,3.5179998874664307
2023-01-30,3.5510001182556152
2023-01-31,3.5290000438690186
2023-02-01,3.3970000743865967
2023-02-02,3.3959999084472656
2023-02-03,3.5320000648498535
2023-02-06,3.634000062942505
2023-02-07,3.6740000247955322
2023-02-08,3.6530001163482666
2023-02-09,3.683000087738037
2023-02-10,3.74399995803833
2023-02-13,3.7170000076293945
2023-02-14,3.760999917984009
2023-02-15,3.809000015258789
2023-02-16,3.8429999351501465
2023-02-17,3.828000068664551
2023-02-21,3.9549999237060547
2023-02-22,3.9230000972747803
2023-02-23,3.878999948501587
2023-02-24,3.9489998817443848
2023-02-27,3.921999931335449
2023-02-28,3.9159998893737793
2023-03-01,3.99399995803833
2023-03-02,4.072999954223633
2023-03-03,3.9639999866485596
2023-03-06,3.9830000400543213
2023-03-07,3.9749999046325684
2023-03-08,3.9760000705718994
2023-03-09,3.924999952316284
2023-03-10,3.694999933242798
2023-03-13,3.515000104904175
2023-03-14,3.638000011444092
2023-03-15,3.492000102996826
2023-03-16,3.5850000381469727
2023-03-17,3.3949999809265137
2023-03-20,3.4809999465942383
2023-03-21,3.6059999465942383
2023-03-22,3.5
2023-03-23,3.4059998989105225
2023-03-24,3.380000114440918
2023-03-27,3.5280001163482666
2023-03-28,3.563999891281128
2023-03-29,3.565999984741211
2023-03-30,3.5510001182556152
2023-03-31,3.49399995803833
2023-04-03,3.430000066757202
2023-04-04,3.3369998931884766
2023-04-05,3.2869999408721924
2023-04-06,3.2880001068115234
2023-04-10,3.4149999618530273
2023-04-11,3.434000015258789
2023-04-12,3.4210000038146973
2023-04-13,3.4519999027252197
2023-04-14,3.5220000743865967
2023-04-17,3.5910000801086426
2023-04-18,3.572000026702881
2023-04-19,3.6019999980926514
2023-04-20,3.5450000762939453
2023-04-21,3.569999933242798
2023-04-24,3.515000104904175
2023-04-25,3.3959999084472656
2023-04-26,3.431999921798706
2023-04-27,3.5280001163482666
2023-04-28,3.4519999027252197
2023-05-01,3.5739998817443848
2023-05-02,3.438999891281128
2023-05-03,3.4030001163482666
2023-05-04,3.3510000705718994
2023-05-05,3.446000099182129
2023-05-08,3.5209999084472656
2023-05-09,3.5209999084472656
2023-05-10,3.438999891281128
2023-05-11,3.3970000743865967
2023-05-12,3.4630000591278076
2023-05-15,3.507999897003174
2023-05-16,3.5490000247955322
2023-05-17,3.5810000896453857
2023-05-18,3.6480000019073486
2023-05-19,3.691999912261963
2023-05-22,3.7190001010894775
2023-05-23,3.697999954223633
2023-05-24,3.7190001010894775
2023-05-25,3.813999891281128
2023-05-26,3.809999942779541
2023-05-30,3.700000047683716
2023-05-31,3.63700008392334
2023-06-01,3.6080000400543213
2023-06-02,3.690999984741211
2023-06-05,3.693000078201294
2023-06-06,3.6989998817443848
2023-06-07,3.7839999198913574
2023-06-08,3.7139999866485596
2023-06-09,3.744999885559082
2023-06-12,3.765000104904175
2023-06-13,3.8389999866485596
2023-06-14,3.7960000038146973
2023-06-15,3.7279999256134033
2023-06-16,3.7690000534057617
2023-06-20,3.7290000915527344
2023-06-21,3.7230000495910645
2023-06-22,3.7990000247955322
2023-06-23,3.739000082015991
2023-06-26,3.7190001010894775
2023-06-27,3.7679998874664307
2023-06-28,3.7100000381469727
2023-06-29,3.8540000915527344
2023-06-30,3.819000005722046
2023-07-03,3.8580000400543213
2023-07-05,3.944999933242798
2023-07-06,4.040999889373779
2023-07-07,4.050000190734863
2023-07-10,4.00600004196167
2023-07-11,3.9800000190734863
2023-07-12,3.8610000610351562
2023-07-13,3.760999917984009
2023-07-14,3.819000005722046
2023-07-17,3.796999931335449
2023-07-18,3.7890000343322754
2023-07-19,3.742000102996826
2023-07-20,3.8540000915527344
2023-07-21,3.8369998931884766
2023-07-24,3.8570001125335693
2023-07-25,3.9119999408721924
2023-07-26,3.8510000705718994
2023-07-27,4.01200008392334
2023-07-28,3.9690001010894775
2023-07-31,3.9590001106262207
2023-08-01,4.051000118255615
2023-08-02,4.078000068664551
2023-08-03,4.189000129699707
2023-08-04,4.059999942779541
2023-08-07,4.078000068664551
2023-08-08,4.026000022888184
2023-08-09,4.01200008392334
2023-08-10,4.079999923706055
2023-08-11,4.168000221252441
2023-08-14,4.184000015258789
2023-08-15,4.2210001945495605
2023-08-16,4.257999897003174
2023-08-17,4.308000087738037
2023-08-18,4.250999927520752
2023-08-21,4.3420000076293945
2023-08-22,4.328000068664551
2023-08-23,4.197999954223633
2023-08-24,4.235000133514404
2023-08-25,4.238999843597412
2023-08-28,4.211999893188477
2023-08-29,4.122000217437744
2023-08-30,4.118000030517578
2023-08-31,4.0929999351501465
2023-09-01,4.172999858856201
2023-09-05,4.26800012588501
2023-09-06,4.289999961853027
2023-09-07,4.260000228881836
2023-09-08,4.257999897003174
2023-09-11,4.288000106811523
2023-09-12,4.263999938964844
2023-09-13,4.249000072479248
2023-09-14,4.288000106811523
2023-09-15,4.322000026702881
2023-09-18,4.318999767303467
2023-09-19,4.364999771118164
2023-09-20,4.348999977111816
2023-09-21,4.480000019073486
2023-09-22,4.438000202178955
2023-09-25,4.541999816894531
2023-09-26,4.558000087738037
2023-09-27,4.625999927520752
2023-09-28,4.5970001220703125
2023-09-29,4.572999954223633
2023-10-02,4.683000087738037
2023-10-03,4.802000045776367
2023-10-04,4.735000133514404
2023-10-05,4.7170000076293945
2023-10-06,4.783999919891357
2023-10-09,4.796999931335449
2023-10-10,4.65500020980835
2023-10-11,4.59499979019165
2023-10-12,4.711999893188477
2023-10-13,4.629000186920166
2023-10-16,4.711999893188477
2023-10-17,4.8470001220703125
2023-10-18,4.9039998054504395
2023-10-19,4.98799991607666
2023-10-20,4.923999786376953
2023-10-23,4.8379998207092285
2023-10-24,4.840000152587891
2023-10-25,4.953000068664551
2023-10-26,4.84499979019165
2023-10-27,4.84499979019165
2023-10-30,4.875
2023-10-31,4.875
2023-11-01,4.789000034332275
2023-11-02,4.669000148773193
2023-11-03,4.558000087738037
2023-11-06,4.6620001792907715
2023-11-07,4.571000099182129
2023-11-08,4.5229997634887695
2023-11-09,4.630000114440918
2023-11-10,4.627999782562256
2023-11-13,4.631999969482422
2023-11-14,4.440999984741211
2023-11-15,4.534999847412109
2023-11-16,4.445000171661377
2023-11-17,4.440999984741211
2023-11-20,4.421999931335449
2023-11-21,4.418000221252441
2023-11-22,4.415999889373779
2023-11-24,4.4720001220703125
2023-11-27,4.388999938964844
2023-11-28,4.335999965667725
2023-11-29,4.270999908447266
2023-11-30,4.3520002365112305
2023-12-01,4.22599983215332
2023-12-04,4.288000106811523
2023-12-05,4.171000003814697
2023-12-06,4.120999813079834
2023-12-07,4.129000186920166
2023-12-08,4.244999885559082
2023-12-11,4.238999843597412
2023-12-12,4.205999851226807
2023-12-13,4.0329999923706055
2023-12-14,3.930000066757202
2023-12-15,3.927999973297119
2023-12-18,3.9539999961853027
2023-12-19,3.921999931335449
2023-12-20,3.877000093460083
2023-12-21,3.8940000534057617
2023-12-22,3.9010000228881836
2023-12-26,3.885999917984009
2023-12-27,3.7890000343322754
2023-12-28,3.8499999046325684
2023-12-29,3.865999937057495
2024-01-02,3.946000099182129
2024-01-03,3.9070000648498535
2024-01-04,3.990999937057495
2024-01-05,4.041999816894531
2024-01-08,4.001999855041504
2024-01-09,4.019000053405762
2024-01-10,4.03000020980835
2024-01-11,3.9769999980926514
2024-01-12,3.950000047683716
2024-01-16,4.065999984741211
2024-01-17,4.105999946594238
2024-01-18,4.144000053405762
2024-01-19,4.145999908447266
2024-01-22,4.093999862670898
2024-01-23,4.142000198364258
2024-01-24,4.177999973297119
2024-01-25,4.131999969482422
2024-01-26,4.159999847412109
2024-01-29,4.091000080108643
2024-01-30,4.059000015258789
2024-01-31,3.9670000076293945
2024-02-01,3.86299991607666
2024-02-02,4.0329999923706055
2024-02-05,4.164000034332275
2024-02-06,4.090000152587891
2024-02-07,4.110000133514404
2024-02-08,4.170000076293945
2024-02-09,4.186999797821045
2024-02-12,4.171999931335449
2024-02-13,4.315999984741211
2024-02-14,4.267000198364258
2024-02-15,4.239999771118164
2024-02-16,4.295000076293945
2024-02-20,4.275000095367432
2024-02-21,4.324999809265137
2024-02-22,4.327000141143799
2024-02-23,4.260000228881836
2024-02-26,4.298999786376953
2024-02-27,4.315000057220459
2024-02-28,4.27400016784668
2024-02-29,4.251999855041504
2024-03-01,4.179999828338623
2024-03-04,4.218999862670898
2024-03-05,4.13700008392334
2024-03-06,4.104000091552734
2024-03-07,4.0920000076293945
2024-03-08,4.089000225067139
2024-03-11,4.104000091552734
2024-03-12,4.15500020980835
2024-03-13,4.191999912261963
2024-03-14,4.297999858856201
2024-03-15,4.303999900817871
2024-03-18,4.340000152587891
2024-03-19,4.296999931335449
2024-03-20,4.2729997634887695
2024-03-21,4.270999908447266
2024-03-22,4.2179999351501465
2024-03-25,4.252999782562256
2024-03-26,4.234000205993652
2024-03-27,4.196000099182129
2024-03-28,4.205999851226807
2024-04-01,4.328999996185303
2024-04-02,4.364999771118164
2024-04-03,4.355000019073486
2024-04-04,4.309000015258789
2024-04-05,4.377999782562256
2024-04-08,4.423999786376953
2024-04-09,4.366000175476074
2024-04-10,4.559999942779541
2024-04-11,4.576000213623047
2024-04-12,4.499000072479248
2024-04-15,4.627999782562256
2024-04-16,4.658999919891357
2024-04-17,4.585000038146973
2024-04-18,4.646999835968018
2024-04-19,4.614999771118164
2024-04-22,4.623000144958496
2024-04-23,4.5980000495910645
2024-04-24,4.6519999504089355
2024-04-25,4.705999851226807
2024-04-26,4.669000148773193
2024-04-29,4.613999843597412
2024-04-30,4.685999870300293
2024-05-01,4.59499979019165
2024-05-02,4.571000099182129
2024-05-03,4.5
2024-05-06,4.488999843597412
2024-05-07,4.4629998207092285
2024-05-08,4.492000102996826
2024-05-09,4.448999881744385
2024-05-10,4.504000186920166
2024-05-13,4.480999946594238
2024-05-14,4.445000171661377
2024-05-15,4.355999946594238
2024-05-16,4.376999855041504
2024-05-17,4.420000076293945
2024-05-20,4.436999797821045
2024-05-21,4.414000034332275
2024-05-22,4.434000015258789
2024-05-23,4.474999904632568
2024-05-24,4.4670000076293945
2024-05-28,4.541999816894531
2024-05-29,4.624000072479248
2024-05-30,4.553999900817871
2024-05-31,4.513999938964844
2024-06-03,4.4019999504089355
2024-06-04,4.335999965667725
2024-06-05,4.289000034332275
2024-06-06,4.281000137329102
2024-06-07,4.429999828338623
2024-06-10,4.468999862670898
2024-06-11,4.4039998054504395
2024-06-12,4.295000076293945
2024-06-13,4.23799991607666
2024-06-14,4.2129998207092285
2024-06-17,4.2789998054504395
2024-06-18,4.2170000076293945
2024-06-20,4.254000186920166
2024-06-21,4.256999969482422
2024-06-24,4.248000144958496
2024-06-25,4.23799991607666
2024-06-26,4.315999984741211
2024-06-27,4.288000106811523
2024-06-28,4.3429999351501465
2024-07-01,4.479000091552734
2024-07-02,4.435999870300293
2024-07-03,4.355000019073486
2024-07-05,4.271999835968018
2024-07-08,4.269000053405762
2024-07-09,4.300000190734863
2024-07-10,4.28000020980835
2024-07-11,4.192999839782715
2024-07-12,4.189000129699707
2024-07-15,4.229000091552734
2024-07-16,4.166999816894531
2024-07-17,4.145999908447266
2024-07-18,4.189000129699707
2024-07-19,4.238999843597412
2024-07-22,4.260000228881836
2024-07-23,4.238999843597412
2024-07-24,4.285999774932861
2024-07-25,4.25600004196167
2024-07-26,4.199999809265137
2024-07-29,4.177999973297119
2024-07-30,4.14300012588501
2024-07-31,4.109000205993652
2024-08-01,3.9760000705718994
2024-08-02,3.7920000553131104
2024-08-05,3.7850000858306885
2024-08-06,3.888000011444092
2024-08-07,3.9679999351501465
2024-08-08,3.996999979019165
2024-08-09,3.941999912261963
2024-08-12,3.9089999198913574
2024-08-13,3.8519999980926514
2024-08-14,3.819999933242798
2024-08-15,3.9260001182556152
2024-08-16,3.8919999599456787
2024-08-19,3.867000102996826
2024-08-20,3.818000078201294
2024-08-21,3.7780001163482666
2024-08-22,3.861999988555908
2024-08-23,3.806999921798706
2024-08-26,3.818000078201294
2024-08-27,3.8329999446868896
2024-08-28,3.8410000801086426
2024-08-29,3.867000102996826
2024-08-30,3.9110000133514404
2024-09-03,3.8440001010894775
2024-09-04,3.7679998874664307
2024-09-05,3.7309999465942383
2024-09-06,3.7100000381469727
2024-09-09,3.697000026702881
2024-09-10,3.6459999084472656
2024-09-11,3.6530001163482666
2024-09-12,3.680000066757202
2024-09-13,3.6500000953674316
2024-09-16,3.621000051498413
2024-09-17,3.6419999599456787
2024-09-18,3.684999942779541
2024-09-19,3.740000009536743
2024-09-20,3.7279999256134033
2024-09-23,3.739000082015991
2024-09-24,3.7360000610351562
2024-09-25,3.7809998989105225
2024-09-26,3.7909998893737793
2024-09-27,3.749000072479248
2024-09-30,3.802000045776367
2024-10-01,3.743000030517578
2024-10-02,3.7850000858306885
2024-10-03,3.8499999046325684
2024-10-04,3.9809999465942383
2024-10-07,4.026000022888184
2024-10-08,4.0329999923706055
2024-10-09,4.066999912261963
2024-10-10,4.0960001945495605
2024-10-11,4.072999954223633
2024-10-14,4.0980000495910645
2024-10-15,4.038000106811523
2024-10-16,4.015999794006348
2024-10-17,4.0960001945495605
2024-10-18,4.072999954223633
2024-10-21,4.182000160217285
2024-10-22,4.203999996185303
2024-10-23,4.242000102996826
2024-10-24,4.199999809265137
2024-10-25,4.23199987411499
2024-10-28,4.2779998779296875
2024-10-29,4.27400016784668
2024-10-30,4.265999794006348
2024-10-31,4.283999919891357
2024-11-01,4.361000061035156
2024-11-04,4.309000015258789
2024-11-05,4.289000034332275
2024-11-06,4.426000118255615
2024-11-07,4.341000080108643
2024-11-08,4.306000232696533
2024-11-11,4.308000087738037
2024-11-12,4.432000160217285
2024-11-13,4.451000213623047
2024-11-14,4.418000221252441
2024-11-15,4.427999973297119
2024-11-18,4.414000034332275
2024-11-19,4.379000186920166
2024-11-20,4.406000137329102
2024-11-21,4.432000160217285
2024-11-22,4.409999847412109
2024-11-25,4.264999866485596
2024-11-26,4.302000045776367
2024-11-27,4.242000102996826
2024-11-29,4.177999973297119
2024-12-02,4.196000099182129
2024-12-03,4.2230000495910645
2024-12-04,4.179999828338623
2024-12-05,4.179999828338623
2024-12-06,4.151000022888184
2024-12-09,4.198999881744385
2024-12-10,4.2210001945495605
2024-12-11,4.270999908447266
2024-12-12,4.323999881744385
2024-12-13,4.39900016784668
2024-12-16,4.396999835968018
2024-12-17,4.385000228881836
2024-12-18,4.49399995803833
2024-12-19,4.570000171661377
2024-12-20,4.52400016784668
2024-12-23,4.598999977111816
2024-12-24,4.591000080108643
2024-12-26,4.578999996185303
2024-12-27,4.61899995803833
2024-12-30,4.545000076293945
2024-12-31,4.572999954223633
2025-01-02,4.574999809265137
2025-01-03,4.5960001945495605
2025-01-06,4.618000030517578
2025-01-07,4.683000087738037
2025-01-08,4.692999839782715
2025-01-10,4.776000022888184
2025-01-13,4.802999973297119
2025-01-14,4.788000106811523
2025-01-15,4.6529998779296875
2025-01-16,4.605999946594238
2025-01-17,4.609000205993652
2025-01-21,4.573999881744385
2025-01-22,4.598999977111816
2025-01-23,4.638000011444092
2025-01-24,4.625999927520752
2025-01-27,4.5279998779296875
2025-01-28,4.551000118255615
2025-01-29,4.554999828338623
2025-01-30,4.51200008392334
2025-01-31,4.568999767303467
2025-02-03,4.543000221252441
2025-02-04,4.513000011444092
2025-02-05,4.421999931335449
2025-02-06,4.440000057220459
2025-02-07,4.486999988555908
2025-02-10,4.493000030517578
2025-02-11,4.5370001792907715
2025-02-12,4.63700008392334
2025-02-13,4.525000095367432
2025-02-14,4.4720001220703125
2025-02-18,4.544000148773193
2025-02-19,4.534999847412109
2025-02-20,4.5
2025-02-21,4.420000076293945
2025-02-24,4.39300012588501
2025-02-25,4.297999858856201
2025-02-26,4.249000072479248
2025-02-27,4.284999847412109
2025-02-28,4.230999946594238
2025-03-03,4.179999828338623
2025-03-04,4.210000038146973
2025-03-05,4.264999866485596
2025-03-06,4.285999774932861
2025-03-07,4.316999912261963
2025-03-10,4.2129998207092285
2025-03-11,4.288000106811523
2025-03-12,4.317999839782715
2025-03-13,4.27400016784668
2025-03-14,4.308000087738037
2025-03-17,4.306000232696533
2025-03-18,4.281000137329102
2025-03-19,4.25600004196167
2025-03-20,4.232999801635742
2025-03-21,4.251999855041504
2025-03-24,4.330999851226807
2025-03-25,4.307000160217285
2025-03-26,4.3379998207092285
2025-03-27,4.36899995803833
2025-03-28,4.255000114440918
2025-03-31,4.245999813079834
2025-04-01,4.156000137329102
2025-04-02,4.196000099182129
2025-04-03,4.054999828338623
2025-04-04,3.984999895095825
2025-04-07,4.15500020980835
2025-04-08,4.26200008392334
2025-04-09,4.400000095367432
2025-04-10,4.394000053405762
2025-04-11,4.493000030517578
2025-04-14,4.363999843597412
2025-04-15,4.322999954223633
2025-04-16,4.2789998054504395
2025-04-17,4.333000183105469
2025-04-21,4.40500020980835
2025-04-22,4.388999938964844
2025-04-23,4.38700008392334
2025-04-24,4.304999828338623
2025-04-25,4.265999794006348
2025-04-28,4.216000080108643
2025-04-29,4.172999858856201
2025-04-30,4.177000045776367
2025-05-01,4.230999946594238
2025-05-02,4.322000026702881
2025-05-05,4.3429999351501465
2025-05-06,4.308000087738037
2025-05-07,4.275000095367432
2025-05-08,4.373000144958496
2025-05-09,4.375
2025-05-12,4.456999778747559
2025-05-13,4.499000072479248
2025-05-14,4.5279998779296875
2025-05-15,4.454999923706055
2025-05-16,4.440999984741211
2025-05-19,4.474999904632568
2025-05-20,4.480999946594238
2025-05-21,4.5960001945495605
2025-05-22,4.552999973297119
2025-05-23,4.508999824523926
2025-05-27,4.434000015258789
2025-05-28,4.4770002365112305
2025-05-29,4.423999786376953
2025-05-30,4.415999889373779
2025-06-02,4.461999893188477
2025-06-03,4.460000038146973
2025-06-04,4.364999771118164
2025-06-05,4.394000053405762
2025-06-06,4.510000228881836
2025-06-09,4.48199987411499
2025-06-10,4.473999977111816
2025-06-11,4.4120001792907715
2025-06-12,4.35699987411499
2025-06-13,4.423999786376953
2025-06-16,4.452000141143799
2025-06-17,4.39300012588501
2025-06-18,4.396999835968018
2025-06-20,4.375
2025-06-23,4.320000171661377
2025-06-24,4.293000221252441
2025-06-25,4.293000221252441
2025-06-26,4.252999782562256
2025-06-27,4.2829999923706055
2025-06-30,4.230000019073486
2025-07-01,4.250999927520752
2025-07-02,4.293000221252441
2025-07-03,4.3480000495910645
2025-07-07,4.394999980926514
2025-07-08,4.414999961853027
2025-07-09,4.3420000076293945
2025-07-10,4.3460001945495605
2025-07-11,4.422999858856201
2025-07-14,4.427000045776367
2025-07-15,4.488999843597412
2025-07-16,4.454999923706055
2025-07-17,4.4629998207092285
2025-07-18,4.432000160217285
2025-07-21,4.372000217437744
2025-07-22,4.335999965667725
2025-07-23,4.388000011444092
2025-07-24,4.4079999923706055
2025-07-25,4.386000156402588
2025-07-28,4.420000076293945
2025-07-29,4.329999923706055
2025-07-30,4.375999927520752
2025-07-31,4.360000133514404
2025-08-01,4.21999979019165
2025-08-04,4.199999809265137
2025-08-05,4.196000099182129
2025-08-06,4.21999979019165
2025-08-07,4.24399995803833
2025-08-08,4.284999847412109
2025-08-11,4.2729997634887695
2025-08-12,4.293000221252441
2025-08-13,4.23799991607666
2025-08-14,4.293000221252441
2025-08-15,4.328000068664551
2025-08-18,4.341000080108643
2025-08-19,4.302000045776367
2025-08-20,4.296000003814697
2025-08-21,4.329999923706055
2025-08-22,4.260000228881836
2025-08-25,4.275000095367432
2025-08-26,4.257999897003174
2025-08-27,4.23799991607666
2025-08-28,4.206999778747559
2025-08-29,4.2270002365112305
2025-09-02,4.2769999504089355
2025-09-03,4.210999965667725
2025-09-04,4.176000118255615
2025-09-05,4.085999965667725
2025-09-08,4.046000003814697
2025-09-09,4.073999881744385
2025-09-10,4.0320000648498535
2025-09-11,4.011000156402588
2025-09-12,4.060999870300293
2025-09-15,4.033999919891357
2025-09-16,4.026000022888184
2025-09-17,4.076000213623047
2025-09-18,4.104000091552734
2025-09-19,4.138999938964844
2025-09-22,4.14300012588501
2025-09-23,4.119999885559082
2025-09-24,4.146999835968018
2025-09-25,4.171999931335449
2025-09-26,4.186999797821045
2025-09-29,4.140999794006348
2025-09-30,4.1479997634887695
2025-10-01,4.105999946594238
2025-10-02,4.0879998207092285
2025-10-03,4.11899995803833
2025-10-06,4.1620001792907715
2025-10-07,4.126999855041504
2025-10-08,4.129000186920166
2025-10-09,4.1479997634887695
2025-10-10,4.051000118255615
2025-10-13,4.051000118255615
2025-10-14,4.021999835968018
2025-10-15,4.046000003814697
2025-10-16,3.9760000705718994
2025-10-17,4.006999969482422
2025-10-20,3.9860000610351562
2025-10-21,3.9630000591278076
2025-10-22,3.953000068664551
2025-10-23,3.990999937057495
2025-10-24,3.996999979019165
2025-10-27,3.996999979019165
2025-10-28,3.9830000400543213
2025-10-29,4.058000087738037
2025-10-30,4.0929999351501465
2025-10-31,4.10099983215332
2025-11-03,4.105999946594238
2025-11-04,4.089000225067139
2025-11-05,4.1570000648498535
2025-11-06,4.0929999351501465
2025-11-07,4.0929999351501465
2025-11-10,4.110000133514404
2025-11-11,4.119999885559082
2025-11-12,4.065000057220459
2025-11-13,4.111999988555908
2025-11-14,4.1479997634887695
2025-11-17,4.132999897003174
2025-11-18,4.123000144958496
2025-11-19,4.132999897003174
2025-11-20,4.105999946594238
2025-11-21,4.063000202178955
2025-11-24,4.038000106811523
2025-11-25,4.001999855041504
2025-11-26,3.997999906539917
2025-11-28,4.017000198364258
2025-12-01,4.0960001945495605
2025-12-02,4.085999965667725
2025-12-03,4.057000160217285
2025-12-04,4.107999801635742
2025-12-05,4.138999938964844
2025-12-08,4.171999931335449
2025-12-09,4.185999870300293
2025-12-10,4.164000034332275
2025-12-11,4.140999794006348
2025-12-12,4.193999767303467
2025-12-15,4.182000160217285
2025-12-16,4.14900016784668
2025-12-17,4.151000022888184
2025-12-18,4.116000175476074
2025-12-19,4.151000022888184
2025-12-22,4.169000148773193
2025-12-23,4.169000148773193
2025-12-24,4.136000156402588
2025-12-26,4.136000156402588
2025-12-29,4.116000175476074
2025-12-30,4.130000114440918
2025-12-31,4.163000106811523
2026-01-02,4.186999797821045
2026-01-05,4.164999961853027
2026-01-06,4.178999900817871
2026-01-07,4.138000011444092
2026-01-08,4.183000087738037
2026-01-09,4.171000003814697
2026-01-12,4.186999797821045
2026-01-13,4.171000003814697
2026-01-14,4.139999866485596
2026-01-15,4.159999847412109
2026-01-16,4.230999946594238
2026-01-20,4.295000076293945
2026-01-21,4.252999782562256
2026-01-22,4.249000072479248
2026-01-23,4.238999843597412
2026-01-26,4.2129998207092285
2026-01-27,4.2230000495910645
2026-01-28,4.250999927520752
2026-01-29,4.2270002365112305
2026-01-30,4.241000175476074
2026-02-02,4.275000095367432
2026-02-03,4.27400016784668
2026-02-04,4.275000095367432
2026-02-05,4.210000038146973
2026-02-06,4.205999851226807
2026-02-09,4.197999954223633
2026-02-10,4.146999835968018
2026-02-11,4.171999931335449
2026-02-12,4.104000091552734
2026-02-13,4.056000232696533
2026-02-17,4.052000045776367
2026-02-18,4.078999996185303
2026-02-19,4.074999809265137
2026-02-20,4.085999965667725
2026-02-23,4.0289998054504395
2026-02-24,4.0329999923706055
2026-02-25,4.047999858856201
2026-02-26,4.017000198364258
2026-02-27,3.9619998931884766
2026-03-02,4.047999858856201
2026-03-03,4.056000232696533
2026-03-04,4.079999923706055
2026-03-05,4.145999908447266
2026-03-06,4.132999897003174
2026-03-09,4.136000156402588
2026-03-10,4.136000156402588
2026-03-11,4.208000183105469
2026-03-12,4.2729997634887695
2026-03-13,4.284999847412109
2026-03-16,4.21999979019165
2026-03-17,4.202000141143799
2026-03-18,4.258999824523926
2026-03-19,4.281000137329102
2026-03-20,4.390999794006348
2026-03-23,4.334000110626221
2026-03-24,4.392000198364258
2026-03-25,4.328000068664551
2026-03-26,4.415999889373779
2026-03-27,4.440000057220459
2026-03-30,4.3420000076293945
2026-03-31,4.310999870300293
2026-04-01,4.318999767303467
2026-04-02,4.313000202178955
2026-04-06,4.335000038146973
2026-04-07,4.3429999351501465
2026-04-08,4.290999889373779
2026-04-09,4.293000221252441
2026-04-10,4.316999912261963
2026-04-13,4.296999931335449
2026-04-14,4.25600004196167
2026-04-15,4.2820000648498535
2026-04-16,4.309000015258789
2026-04-17,4.245999813079834
2026-04-20,4.25
2026-04-21,4.291999816894531
2026-04-22,4.294000148773193
2026-04-23,4.322999954223633
2026-04-24,4.309999942779541
2026-04-27,4.335999965667725
2026-04-28,4.354000091552734
2026-04-29,4.418000221252441
2026-04-30,4.389999866485596
2026-05-01,4.377999782562256
2026-05-04,4.446000099182129
2026-05-05,4.415999889373779
2026-05-06,4.355999946594238
2026-05-07,4.392000198364258
2026-05-08,4.363999843597412
2026-05-11,4.409999847412109
2026-05-12,4.4629998207092285
2026-05-13,4.480999946594238
2026-05-14,4.460999965667725
2026-05-15,4.59499979019165
2026-05-18,4.623000144958496
2026-05-19,4.666999816894531
2026-05-20,4.572000026702881
2026-05-21,4.585999965667725
2026-05-22,4.558000087738037
2026-05-26,4.493000030517578
2026-05-27,4.480999946594238
2026-05-28,4.454999923706055
2026-05-29,4.453000068664551
2026-06-01,4.474999904632568
2026-06-02,4.454999923706055
2026-06-03,4.491000175476074
2026-06-04,4.4770002365112305
2026-06-05,4.535999774932861
2026-06-08,4.552000045776367
2026-06-09,4.5279998779296875
2026-06-10,4.541999816894531
2026-06-11,4.4629998207092285
2026-06-12,4.486999988555908
2026-06-15,4.468999862670898
2026-06-16,4.427999973297119
2026-06-17,4.4629998207092285
2026-06-18,4.451000213623047
2026-06-22,4.508999824523926
2026-06-23,4.493000030517578
2026-06-24,4.4019999504089355
2026-06-25,4.392000198364258
2026-06-26,4.372000217437744
2026-07-02,
